date,orbit,orbit_time,aod_047,aod_055,qa,cloud_mask,aod_quality,glint_mask,aerosol_model,valid_best_quality,site_lat,site_lon,pixel_x,pixel_y,datetime,aerosol_time,BCCMASS,BCSMASS,BCEXTTAU,TOTEXTTAU,lon_x,lat_x,met_time,T2M,PS,PBLTOP,V10M,U10M,QV2M,lon_y,lat_y,WIND_SPEED,aerosol_time_diff_min,met_time_diff_min,BC6_mean_30min,BC6_median_30min,BC6_std_30min,BC6_count_30min
2025-09-11,2,2025-09-11 05:10:00,0.287,0.217,1,1,0,0,0,True,31.47921379893457,74.26487633895766,400,1022,2025-09-11 05:10:00,2025-09-11 05:30:00,1.3014775e-06,6.7098344e-10,0.012146716,0.23083381,74.375,31.5,2025-09-11 05:30:00,303.8089,98147.0,87079.01,1.3185862,3.794335,0.019013777,74.375,31.5,4.01692,20.0,20.0,3388.0819672131147,3208.0,572.1365598957987,61
2025-09-14,1,2025-09-14 03:50:00,0.342,0.26,1,1,0,0,0,True,31.47921379893457,74.26487633895766,400,1022,2025-09-14 03:50:00,2025-09-14 03:30:00,1.230141e-06,7.2873263e-10,0.011944161,0.21939865,74.375,31.5,2025-09-14 03:30:00,300.9517,98362.76,95984.0,2.1339717,0.33640945,0.019761136,74.375,31.5,2.1603255,20.0,20.0,7938.928571428572,7873.5,303.0091422048851,56
2025-09-15,2,2025-09-15 04:30:00,0.8140000000000001,0.636,1,1,0,0,0,True,31.47921379893457,74.26487633895766,400,1022,2025-09-15 04:30:00,2025-09-15 04:30:00,2.1591113e-06,1.893569e-09,0.021226581,0.52922344,74.375,31.5,2025-09-15 04:30:00,302.7141,98059.2,95115.57,1.183409,2.926548,0.019616624,74.375,31.5,3.156761,0.0,0.0,7556.949152542373,7692.0,349.8573316973261,59
2025-09-17,1,2025-09-17 04:10:00,1.142,0.906,1,1,0,0,0,True,31.47921379893457,74.26487633895766,400,1022,2025-09-17 04:10:00,2025-09-17 04:30:00,1.5536461e-06,1.3828884e-09,0.015227082,0.45715725,74.375,31.5,2025-09-17 04:30:00,303.72195,98224.77,87652.55,1.0787917,1.7536138,0.019961363,74.375,31.5,2.0588717,20.0,20.0,7156.311475409836,7229.0,365.5165997590992,61
2025-09-18,2,2025-09-18 04:50:00,0.5630000000000001,0.435,1,1,0,0,0,True,31.47921379893457,74.26487633895766,400,1022,2025-09-18 04:50:00,2025-09-18 04:30:00,1.5743572e-06,1.6375459e-09,0.014845666,0.2498882,74.375,31.5,2025-09-18 04:30:00,303.89435,98186.91,86219.39,2.169311,2.0301402,0.021035826,74.375,31.5,2.9710906,20.0,20.0,7231.7192982456145,7260.0,580.8117089281776,57
2025-09-19,1,2025-09-19 03:50:00,0.772,0.603,1,1,0,0,0,True,31.47921379893457,74.26487633895766,400,1022,2025-09-19 03:50:00,2025-09-19 03:30:00,1.6742913e-06,2.2328095e-09,0.01642733,0.4264569,74.375,31.5,2025-09-19 03:30:00,301.32275,98331.22,92744.73,2.2603707,1.1487662,0.019799711,74.375,31.5,2.5355353,20.0,20.0,10988.016393442624,10970.0,151.8157317060476,61
2025-09-19,4,2025-09-19 09:55:00,0.7000000000000001,0.54,1,1,0,0,0,True,31.47921379893457,74.26487633895766,400,1022,2025-09-19 09:55:00,2025-09-19 09:30:00,2.488672e-06,9.608813e-10,0.023736669,0.5873641,74.375,31.5,2025-09-19 09:30:00,306.9094,98066.836,80059.95,-1.2352352,2.4515128,0.01957115,74.375,31.5,2.7451267,25.0,25.0,4625.819672131148,4708.0,588.2301847688743,61
2025-09-20,2,2025-09-20 04:30:00,0.74,0.5720000000000001,1,1,0,0,0,True,31.47921379893457,74.26487633895766,400,1022,2025-09-20 04:30:00,2025-09-20 04:30:00,2.160967e-06,2.1318558e-09,0.020444036,0.44554153,74.375,31.5,2025-09-20 04:30:00,302.6944,98320.02,92764.91,1.4257863,2.4649544,0.018679013,74.375,31.5,2.8476071,0.0,0.0,7758.11475409836,7704.0,316.234570024671,61
2025-09-21,2,2025-09-21 05:10:00,0.425,0.326,1,1,0,0,0,True,31.47921379893457,74.26487633895766,400,1022,2025-09-21 05:10:00,2025-09-21 05:30:00,2.074597e-06,1.1673364e-09,0.019633522,0.31990284,74.375,31.5,2025-09-21 05:30:00,305.07858,98241.734,85080.73,0.5323431,2.7079875,0.017702913,74.375,31.5,2.7598162,20.0,20.0,13886.456140350878,13839.0,238.44991014702185,57
2025-09-21,4,2025-09-21 09:35:00,0.592,0.458,1,1,0,0,0,True,31.47921379893457,74.26487633895766,400,1022,2025-09-21 09:35:00,2025-09-21 09:30:00,2.4281023e-06,1.0791169e-09,0.02275644,0.40937302,74.375,31.5,2025-09-21 09:30:00,306.59534,97931.28,80984.66,-1.5551437,3.0447514,0.018146332,74.375,31.5,3.4189155,5.0,5.0,10945.0,11007.0,713.1878634493359,57
2025-09-22,1,2025-09-22 04:10:00,0.674,0.521,1,1,0,0,0,True,31.47921379893457,74.26487633895766,400,1022,2025-09-22 04:10:00,2025-09-22 04:30:00,1.9586932e-06,2.833076e-09,0.01826363,0.26784405,74.375,31.5,2025-09-22 04:30:00,301.60388,98258.734,92477.42,0.6866428,1.5227106,0.017336886,74.375,31.5,1.670367,20.0,20.0,8224.508771929824,8321.0,289.42486829221315,57
2025-09-22,3,2025-09-22 10:15:00,0.201,0.152,1,1,0,0,0,True,31.47921379893457,74.26487633895766,400,1022,2025-09-22 10:15:00,2025-09-22 10:30:00,1.8416184e-06,6.220944e-10,0.017162245,0.26405436,74.375,31.5,2025-09-22 10:30:00,307.28345,97966.82,78777.83,-1.060419,2.7780416,0.016512873,74.375,31.5,2.9735506,15.0,15.0,4637.393442622951,4637.0,493.9821953164076,61
2025-09-23,2,2025-09-23 04:50:00,0.364,0.277,1,1,0,0,0,True,31.47921379893457,74.26487633895766,400,1022,2025-09-23 04:50:00,2025-09-23 04:30:00,1.879094e-06,2.6211637e-09,0.017522419,0.3507128,74.375,31.5,2025-09-23 04:30:00,300.37152,98279.77,97336.91,0.7107953,1.0781152,0.015612724,74.375,31.5,1.2913413,20.0,20.0,10184.350877192983,10045.0,291.9777077613528,57
2025-09-23,4,2025-09-23 09:15:00,0.301,0.229,1,1,0,0,0,True,31.47921379893457,74.26487633895766,400,1022,2025-09-23 09:15:00,2025-09-23 09:30:00,1.557629e-06,5.052243e-10,0.014475196,0.363989,74.375,31.5,2025-09-23 09:30:00,306.9172,97935.734,81311.38,-0.34449333,2.7332842,0.016887154,74.375,31.5,2.754908,15.0,15.0,9167.245901639344,9110.0,607.8950747110256,61
2025-09-24,1,2025-09-24 03:50:00,0.501,0.383,1,1,0,0,0,True,31.47921379893457,74.26487633895766,400,1022,2025-09-24 03:50:00,2025-09-24 03:30:00,1.2709717e-06,1.7880671e-09,0.011842363,0.1756615,74.375,31.5,2025-09-24 03:30:00,298.69333,98082.805,97349.94,1.2317692,1.3956407,0.014463271,74.375,31.5,1.8614694,20.0,20.0,18510.98245614035,18560.0,378.7580028022072,57
2025-09-24,4,2025-09-24 09:55:00,0.393,0.299,1,1,0,0,0,True,31.47921379893457,74.26487633895766,400,1022,2025-09-24 09:55:00,2025-09-24 09:30:00,1.8407961e-06,6.2188005e-10,0.01721148,0.38781205,74.375,31.5,2025-09-24 09:30:00,307.2882,97787.63,80704.16,-0.4667179,2.30768,0.01700895,74.375,31.5,2.3544028,25.0,25.0,7223.131147540984,7158.0,548.1936238048813,61
2025-09-25,2,2025-09-25 04:30:00,0.584,0.451,1,1,0,0,0,True,31.47921379893457,74.26487633895766,400,1022,2025-09-25 04:30:00,2025-09-25 04:30:00,1.7029522e-06,2.674824e-09,0.01589677,0.34627804,74.375,31.5,2025-09-25 04:30:00,301.37854,98136.47,90405.48,0.5299547,2.2293098,0.017489405,74.375,31.5,2.291435,0.0,0.0,16421.947368421053,16302.0,400.48365496576366,57
2025-09-26,2,2025-09-26 05:10:00,0.55,0.425,1,1,0,0,0,True,31.47921379893457,74.26487633895766,400,1022,2025-09-26 05:10:00,2025-09-26 05:30:00,1.6068178e-06,1.3465069e-09,0.014940787,0.32055667,74.375,31.5,2025-09-26 05:30:00,305.36728,98303.01,88196.81,-0.52619296,2.7856283,0.017062163,74.375,31.5,2.8348904,20.0,20.0,6802.11475409836,6788.0,177.4962063783013,61
2025-09-26,4,2025-09-26 09:30:00,0.718,0.555,8193,1,0,0,1,True,31.47921379893457,74.26487633895766,400,1022,2025-09-26 09:30:00,2025-09-26 09:30:00,2.246685e-06,1.1746124e-09,0.020912077,0.5549837,74.375,31.5,2025-09-26 09:30:00,306.72067,98056.195,82734.22,-2.5576396,2.7461014,0.018306188,74.375,31.5,3.7526782,0.0,0.0,7555.524590163935,7650.0,234.56488843227558,61
2025-09-27,1,2025-09-27 04:10:00,0.9,0.7030000000000001,8193,1,0,0,1,True,31.47921379893457,74.26487633895766,400,1022,2025-09-27 04:10:00,2025-09-27 04:30:00,2.2004301e-06,2.820343e-09,0.020560313,0.39634594,74.375,31.5,2025-09-27 04:30:00,302.7794,98578.1,91395.11,0.2526691,0.7741428,0.017725643,74.375,31.5,0.8143333,20.0,20.0,10168.183333333332,10168.5,432.9879041511933,60
2025-09-27,3,2025-09-27 10:10:00,0.416,0.319,1,1,0,0,0,True,31.47921379893457,74.26487633895766,400,1022,2025-09-27 10:10:00,2025-09-27 10:30:00,2.946065e-06,1.591161e-09,0.02746469,0.48421213,74.375,31.5,2025-09-27 10:30:00,306.81396,98293.22,84502.2,-1.5612655,1.0244215,0.018352091,74.375,31.5,1.8673481,20.0,20.0,8141.3,7993.5,740.486402214387,60
2025-09-28,2,2025-09-28 04:50:00,0.506,0.388,1,1,0,0,0,True,31.47921379893457,74.26487633895766,400,1022,2025-09-28 04:50:00,2025-09-28 04:30:00,2.8005738e-06,3.3169272e-09,0.026286313,0.42345574,74.375,31.5,2025-09-28 04:30:00,302.57794,98569.54,82001.14,-0.27001035,-0.3044045,0.016397644,74.375,31.5,0.4069001,20.0,20.0,17945.701754385966,17858.0,426.7692570310884,57
2025-09-28,4,2025-09-28 09:10:00,0.526,0.403,1,1,0,0,0,True,31.47921379893457,74.26487633895766,400,1022,2025-09-28 09:10:00,2025-09-28 09:30:00,3.4313323e-06,1.4470061e-09,0.03220888,0.5055959,74.375,31.5,2025-09-28 09:30:00,307.21933,98164.22,79208.125,-1.5585674,0.95819056,0.017405136,74.375,31.5,1.8295523,20.0,20.0,13275.105263157895,11352.0,3906.9646269021505,57
2025-09-30,2,2025-09-30 04:30:00,1.07,0.849,8193,1,0,0,1,True,31.47921379893457,74.26487633895766,400,1022,2025-09-30 04:30:00,2025-09-30 04:30:00,3.1494449e-06,3.358764e-09,0.029526643,0.46142447,74.375,31.5,2025-09-30 04:30:00,303.479,98078.07,87980.81,-0.23553729,1.1464016,0.017322525,74.375,31.5,1.170348,0.0,0.0,23619.094339622643,23674.0,694.0552866514904,53
2025-10-01,2,2025-10-01 05:10:00,1.36,1.079,1,1,0,0,0,True,31.47921379893457,74.26487633895766,400,1022,2025-10-01 05:10:00,2025-10-01 05:30:00,2.3568878e-06,1.6452759e-09,0.022508908,0.3240754,74.375,31.5,2025-10-01 05:30:00,304.53488,98018.85,85878.234,-1.1022708,1.7849027,0.016811414,74.375,31.5,2.097827,20.0,20.0,6810.44262295082,6887.0,329.2920448776012,61
2025-10-02,1,2025-10-02 04:10:00,1.827,1.487,1,1,0,0,0,True,31.47921379893457,74.26487633895766,400,1022,2025-10-02 04:10:00,2025-10-02 04:30:00,7.423439e-06,6.3009793e-09,0.07057467,0.90459615,74.375,31.5,2025-10-02 04:30:00,301.2978,98363.15,94899.95,1.0811377,0.5937662,0.018002076,74.375,31.5,1.2334573,20.0,20.0,9195.827586206897,9045.0,670.7265015842186,58
2025-10-03,2,2025-10-03 04:50:00,1.085,0.861,8193,1,0,0,1,True,31.47921379893457,74.26487633895766,400,1022,2025-10-03 04:50:00,2025-10-03 04:30:00,4.94098e-06,3.4096956e-09,0.04769819,0.61884516,74.375,31.5,2025-10-03 04:30:00,302.61658,98743.016,87275.11,1.1353267,-0.119054556,0.017957618,74.375,31.5,1.1415519,20.0,20.0,6454.140350877193,6416.0,438.11921235616796,57
2025-10-03,4,2025-10-03 09:10:00,0.411,0.315,8193,1,0,0,1,True,31.47921379893457,74.26487633895766,400,1022,2025-10-03 09:10:00,2025-10-03 09:30:00,3.6751699e-06,1.9454092e-09,0.03605437,0.47667247,74.375,31.5,2025-10-03 09:30:00,305.01495,98518.58,82496.86,-0.27793527,0.28485924,0.017996393,74.375,31.5,0.39798594,20.0,20.0,3243.0175438596493,3319.0,236.97328746597384,57
2025-10-04,1,2025-10-04 03:50:00,1.17,0.928,1,1,0,0,0,True,31.47921379893457,74.26487633895766,400,1022,2025-10-04 03:50:00,2025-10-04 03:30:00,6.1502324e-06,5.4224074e-09,0.057786997,0.69871104,74.375,31.5,2025-10-04 03:30:00,299.1794,98650.51,97909.5,0.6897686,1.0481418,0.016991047,74.375,31.5,1.2547438,20.0,20.0,11809.157894736842,11727.0,528.0590399037404,57
2025-10-04,4,2025-10-04 09:45:00,1.093,0.867,8193,1,0,0,1,True,31.47921379893457,74.26487633895766,400,1022,2025-10-04 09:45:00,2025-10-04 09:30:00,6.2693975e-06,3.2705496e-09,0.058552686,0.8240377,74.375,31.5,2025-10-04 09:30:00,305.48615,98157.375,84753.28,-1.3508666,2.3036191,0.017264307,74.375,31.5,2.6704872,15.0,15.0,15762.350877192983,16345.0,2001.0532270641527,57
2025-10-05,2,2025-10-05 04:30:00,0.484,0.371,1,1,0,0,0,True,31.47921379893457,74.26487633895766,400,1022,2025-10-05 04:30:00,2025-10-05 04:30:00,4.098401e-06,3.0631784e-09,0.03898683,0.55575645,74.375,31.5,2025-10-05 04:30:00,300.34982,98324.016,92351.91,2.0981262,-3.0166478,0.017691296,74.375,31.5,3.6745474,0.0,0.0,2284.1639344262294,2188.0,590.1814461199727,61
2025-10-05,4,2025-10-05 10:25:00,0.3,0.228,1,1,0,0,0,True,31.47921379893457,74.26487633895766,400,1022,2025-10-05 10:25:00,2025-10-05 10:30:00,2.6517578e-06,9.968062e-10,0.02568879,0.38083714,74.375,31.5,2025-10-05 10:30:00,303.06107,98054.88,80833.0,1.8658648,-0.95357394,0.015875569,74.375,31.5,2.0954127,5.0,5.0,1391.2295081967213,1279.0,417.99858027839525,61
2025-10-08,2,2025-10-08 04:50:00,0.608,0.469,1,1,0,0,0,True,31.47921379893457,74.26487633895766,400,1022,2025-10-08 04:50:00,2025-10-08 04:30:00,2.2386184e-06,1.6534694e-09,0.021837015,0.5080861,74.375,31.5,2025-10-08 04:30:00,296.15024,98909.234,89864.11,-2.9589067,1.930784,0.012532132,74.375,31.5,3.5331366,20.0,20.0,7840.147540983607,7943.0,538.6357407396819,61
2025-10-08,4,2025-10-08 09:05:00,0.384,0.292,8193,1,0,0,1,True,31.47921379893457,74.26487633895766,400,1022,2025-10-08 09:05:00,2025-10-08 09:30:00,1.6514122e-06,7.642061e-10,0.016230332,0.3572965,74.375,31.5,2025-10-08 09:30:00,299.91803,98630.39,82469.25,-1.9399749,1.8912295,0.01342455,74.375,31.5,2.70929,25.0,25.0,6719.4655172413795,6418.0,983.3835470173702,58
2025-10-09,1,2025-10-09 03:50:00,0.492,0.377,1,1,0,0,0,True,31.47921379893457,74.26487633895766,400,1022,2025-10-09 03:50:00,2025-10-09 03:30:00,1.7279258e-06,4.154572e-09,0.016238058,0.283461,74.375,31.5,2025-10-09 03:30:00,294.37732,99054.43,98306.4,0.46432042,1.0818298,0.011253068,74.375,31.5,1.1772634,20.0,20.0,15049.557377049181,15007.0,279.58990948590906,61
2025-10-09,4,2025-10-09 09:45:00,0.562,0.434,1,1,0,0,0,True,31.47921379893457,74.26487633895766,400,1022,2025-10-09 09:45:00,2025-10-09 09:30:00,2.0870034e-06,9.872566e-10,0.019881101,0.38540277,74.375,31.5,2025-10-09 09:30:00,301.19638,98821.9,79369.86,-0.9160235,1.4650514,0.012314204,74.375,31.5,1.7278526,15.0,15.0,6384.263157894737,5989.0,984.1004327070156,57
2025-10-10,2,2025-10-10 04:30:00,0.496,0.38,1,1,0,0,0,True,31.47921379893457,74.26487633895766,400,1022,2025-10-10 04:30:00,2025-10-10 04:30:00,1.9186953e-06,2.6802809e-09,0.017914696,0.24462336,74.375,31.5,2025-10-10 04:30:00,297.42615,98866.7,90576.164,-0.36596358,2.3732715,0.012212905,74.375,31.5,2.401322,0.0,0.0,9616.438596491229,9818.0,864.475192107572,57
2025-10-10,4,2025-10-10 10:20:00,0.538,0.412,1,1,0,0,0,True,31.47921379893457,74.26487633895766,400,1022,2025-10-10 10:20:00,2025-10-10 10:30:00,1.789203e-06,9.349613e-10,0.016709281,0.21812062,74.375,31.5,2025-10-10 10:30:00,301.3642,98598.27,81991.33,-0.34647244,0.9325692,0.012622373,74.375,31.5,0.994851,10.0,10.0,5930.140350877193,5946.0,680.8438681570229,57
2025-10-11,2,2025-10-11 05:10:00,0.261,0.197,1,1,0,0,0,True,31.47921379893457,74.26487633895766,400,1022,2025-10-11 05:10:00,2025-10-11 05:30:00,2.070293e-06,1.409293e-09,0.019257288,0.24119341,74.375,31.5,2025-10-11 05:30:00,300.5602,98919.45,85312.69,-0.854594,1.538194,0.012149527,74.375,31.5,1.759651,20.0,20.0,6959.622950819672,7063.0,580.5451221031956,61
2025-10-11,4,2025-10-11 09:20:00,0.403,0.308,1,1,0,0,0,True,31.47921379893457,74.26487633895766,400,1022,2025-10-11 09:20:00,2025-10-11 09:30:00,2.871508e-06,1.449737e-09,0.026752165,0.3714736,74.375,31.5,2025-10-11 09:30:00,302.21793,98687.49,81911.945,-1.4199178,1.6122391,0.013127522,74.375,31.5,2.1483672,10.0,10.0,9388.786885245901,9671.0,1770.4766318212553,61
2025-10-12,1,2025-10-12 04:10:00,0.496,0.38,1,1,0,0,0,True,31.47921379893457,74.26487633895766,400,1022,2025-10-12 04:10:00,2025-10-12 04:30:00,1.8535401e-06,2.5265812e-09,0.017321311,0.22015278,74.375,31.5,2025-10-12 04:30:00,296.762,98834.31,95852.19,-0.017374158,1.7702441,0.012694541,74.375,31.5,1.7703294,20.0,20.0,12012.842105263158,11982.0,650.5013118871608,57
2025-10-12,3,2025-10-12 10:00:00,0.347,0.264,1,1,0,0,0,True,31.47921379893457,74.26487633895766,400,1022,2025-10-12 10:00:00,2025-10-12 09:30:00,2.5268064e-06,1.4010766e-09,0.023464726,0.30503607,74.375,31.5,2025-10-12 09:30:00,302.46548,98613.4,82844.31,-0.72717595,1.4563584,0.0121540995,74.375,31.5,1.6278098,30.0,30.0,8225.016393442624,8635.0,1264.846940566371,61
2025-10-13,2,2025-10-13 04:50:00,0.268,0.203,1,1,0,0,0,True,31.47921379893457,74.26487633895766,400,1022,2025-10-13 04:50:00,2025-10-13 04:30:00,2.67123e-06,4.323738e-09,0.024892224,0.27950802,74.375,31.5,2025-10-13 04:30:00,297.0351,98899.09,87551.72,0.7556279,1.6525829,0.012728237,74.375,31.5,1.8171417,20.0,20.0,12081.245614035088,11885.0,851.481508915527,57
2025-10-13,3,2025-10-13 09:00:00,0.367,0.279,8193,1,0,0,1,True,31.47921379893457,74.26487633895766,400,1022,2025-10-13 09:00:00,2025-10-13 08:30:00,2.36045e-06,1.2742029e-09,0.02191766,0.24701361,74.375,31.5,2025-10-13 08:30:00,303.25824,98786.65,81412.36,0.066485584,1.5746768,0.011256627,74.375,31.5,1.5760797,30.0,30.0,19886.16393442623,19887.0,1114.3101929045292,61
2025-10-14,1,2025-10-14 03:50:00,0.628,0.485,1,1,0,0,0,True,31.47921379893457,74.26487633895766,400,1022,2025-10-14 03:50:00,2025-10-14 03:30:00,3.0843905e-06,5.5315468e-09,0.028751532,0.3200178,74.375,31.5,2025-10-14 03:30:00,294.09576,98759.914,93745.414,1.517028,0.7968031,0.0106735155,74.375,31.5,1.7135546,20.0,20.0,23341.01754385965,23319.0,1067.7185372029076,57
2025-10-14,4,2025-10-14 09:40:00,0.508,0.389,1,1,0,0,0,True,31.47921379893457,74.26487633895766,400,1022,2025-10-14 09:40:00,2025-10-14 09:30:00,3.3356368e-06,1.7598722e-09,0.031032817,0.34697428,74.375,31.5,2025-10-14 09:30:00,302.4886,98567.43,82468.17,0.30352628,0.7586437,0.011792175,74.375,31.5,0.8171098,10.0,10.0,18689.280701754386,19005.0,2643.1627750696293,57
2025-10-15,2,2025-10-15 04:30:00,0.804,0.629,1,1,0,0,0,True,31.47921379893457,74.26487633895766,400,1022,2025-10-15 04:30:00,2025-10-15 04:30:00,2.55882e-06,3.573405e-09,0.023833627,0.24537063,74.375,31.5,2025-10-15 04:30:00,297.38187,98824.68,89073.69,0.49307653,-0.32835764,0.0121572,74.375,31.5,0.5924046,0.0,0.0,22160.140350877195,22693.0,2126.8465795179063,57
2025-10-15,4,2025-10-15 10:20:00,0.62,0.479,1,1,0,0,0,True,31.47921379893457,74.26487633895766,400,1022,2025-10-15 10:20:00,2025-10-15 10:30:00,4.034444e-06,2.009074e-09,0.0375361,0.44217646,74.375,31.5,2025-10-15 10:30:00,302.24185,98634.625,82273.19,-0.4334881,0.264071,0.011860131,74.375,31.5,0.50758785,10.0,10.0,11981.105263157895,12098.0,1403.8067592418956,57
2025-10-17,1,2025-10-17 04:10:00,0.626,0.483,1,1,0,0,0,True,31.47921379893457,74.26487633895766,400,1022,2025-10-17 04:10:00,2025-10-17 04:30:00,3.1897825e-06,3.981768e-09,0.029826159,0.35325792,74.375,31.5,2025-10-17 04:30:00,297.66058,98971.67,94711.56,0.5132269,1.3285298,0.013329401,74.375,31.5,1.4242167,20.0,20.0,27895.64912280702,28160.0,794.7852246098598,57
2025-10-17,3,2025-10-17 09:55:00,0.588,0.454,1,1,0,0,0,True,31.47921379893457,74.26487633895766,400,1022,2025-10-17 09:55:00,2025-10-17 09:30:00,4.154293e-06,2.3774192e-09,0.038696885,0.47529855,74.375,31.5,2025-10-17 09:30:00,303.38626,98763.23,81762.44,-0.967391,1.2724862,0.013174802,74.375,31.5,1.5984576,25.0,25.0,18649.21052631579,18308.0,3621.5120842426845,57
2025-10-18,2,2025-10-18 04:50:00,0.387,0.294,1,1,0,0,0,True,31.47921379893457,74.26487633895766,400,1022,2025-10-18 04:50:00,2025-10-18 04:30:00,3.1032973e-06,5.200497e-09,0.028949933,0.37595287,74.375,31.5,2025-10-18 04:30:00,297.24564,98954.5,95488.02,0.23261762,1.2233855,0.012906088,74.375,31.5,1.2453043,20.0,20.0,19773.824561403508,20011.0,1151.257249439049,57
2025-10-18,3,2025-10-18 09:00:00,0.466,0.357,8193,1,0,0,1,True,31.47921379893457,74.26487633895766,400,1022,2025-10-18 09:00:00,2025-10-18 08:30:00,2.762703e-06,1.5666062e-09,0.025670938,0.33288792,74.375,31.5,2025-10-18 08:30:00,303.57175,98757.445,82026.34,-0.964443,1.2678611,0.01228863,74.375,31.5,1.5929916,30.0,30.0,20323.280701754386,20571.0,1581.1846570845223,57
2025-10-19,1,2025-10-19 03:55:00,0.512,0.392,1,1,0,0,0,True,31.47921379893457,74.26487633895766,400,1022,2025-10-19 03:55:00,2025-10-19 03:30:00,2.2643162e-06,3.807156e-09,0.021061055,0.26893583,74.375,31.5,2025-10-19 03:30:00,295.53485,98843.445,83967.86,0.22320545,0.85333645,0.011722153,74.375,31.5,0.8820452,25.0,25.0,53815.339622641506,53600.0,1569.9869786745198,53
2025-10-19,4,2025-10-19 09:35:00,0.663,0.512,8193,1,0,0,1,True,31.47921379893457,74.26487633895766,400,1022,2025-10-19 09:35:00,2025-10-19 09:30:00,3.2327334e-06,1.6239101e-09,0.030031336,0.35577747,74.375,31.5,2025-10-19 09:30:00,304.34814,98598.6,78561.22,-1.2581599,0.29549026,0.011773411,74.375,31.5,1.2923934,5.0,5.0,30709.736842105263,28245.0,5809.598337254097,57
2025-10-20,2,2025-10-20 04:30:00,0.505,0.387,1,1,0,0,0,True,31.47921379893457,74.26487633895766,400,1022,2025-10-20 04:30:00,2025-10-20 04:30:00,3.314127e-06,5.2223195e-09,0.03080246,0.28066805,74.375,31.5,2025-10-20 04:30:00,297.50726,98902.99,79998.8,0.28114554,0.62104046,0.012013115,74.375,31.5,0.68171406,0.0,0.0,44308.71698113208,44291.0,2981.8845575430632,53
2025-10-20,4,2025-10-20 10:15:00,0.5730000000000001,0.442,1,1,0,0,0,True,31.47921379893457,74.26487633895766,400,1022,2025-10-20 10:15:00,2025-10-20 10:30:00,3.627521e-06,1.4961203e-09,0.03367823,0.32667413,74.375,31.5,2025-10-20 10:30:00,303.35303,98618.945,75575.21,-0.004473105,-0.04959339,0.009258444,74.375,31.5,0.049794707,15.0,15.0,15510.540983606557,15766.0,1953.5924052351224,61
2025-10-22,1,2025-10-22 04:10:00,0.5660000000000001,0.437,1,1,0,0,0,True,31.47921379893457,74.26487633895766,400,1022,2025-10-22 04:10:00,2025-10-22 04:30:00,4.0092987e-06,4.909453e-09,0.037235703,0.41133836,74.375,31.5,2025-10-22 04:30:00,295.68774,99136.445,93620.19,-0.18120313,1.166844,0.009663095,74.375,31.5,1.18083,20.0,20.0,15001.807017543859,14312.0,6449.267418083226,57
2025-10-22,3,2025-10-22 09:55:00,0.615,0.475,1,1,0,0,0,True,31.47921379893457,74.26487633895766,400,1022,2025-10-22 09:55:00,2025-10-22 09:30:00,4.9513137e-06,2.2828317e-09,0.045982577,0.5606207,74.375,31.5,2025-10-22 09:30:00,302.56378,98793.69,80725.02,-1.2706585,1.5562788,0.0102545135,74.375,31.5,2.0091233,25.0,25.0,14097.578947368422,13951.0,1992.1602143273699,57
2025-10-23,2,2025-10-23 04:50:00,0.622,0.481,1,1,0,0,0,True,31.47921379893457,74.26487633895766,400,1022,2025-10-23 04:50:00,2025-10-23 04:30:00,3.961778e-06,5.684342e-09,0.036912084,0.43113583,74.375,31.5,2025-10-23 04:30:00,295.91513,98960.57,89817.99,-0.4306274,1.3470833,0.011264727,74.375,31.5,1.4142395,20.0,20.0,26896.20754716981,26558.0,1963.3390255309228,53
2025-10-24,1,2025-10-24 03:55:00,0.8170000000000001,0.639,1,1,0,0,0,True,31.47921379893457,74.26487633895766,400,1022,2025-10-24 03:55:00,2025-10-24 03:30:00,6.819632e-06,8.385541e-09,0.06350524,0.6469988,74.375,31.5,2025-10-24 03:30:00,294.37827,98976.445,73978.45,0.61970806,1.198019,0.009998144,74.375,31.5,1.3488097,25.0,25.0,37275.96363636364,36876.0,2424.1331170180338,55
2025-10-24,4,2025-10-24 09:30:00,1.201,0.953,8193,1,0,0,1,True,31.47921379893457,74.26487633895766,400,1022,2025-10-24 09:30:00,2025-10-24 09:30:00,6.0441666e-06,2.9422154e-09,0.056136604,0.60192215,74.375,31.5,2025-10-24 09:30:00,303.2137,98736.7,82992.97,-1.7338219,1.1842946,0.010715159,74.375,31.5,2.0996885,0.0,0.0,27646.456140350878,27124.0,4054.718525857848,57
2025-10-25,2,2025-10-25 04:30:00,0.786,0.615,1,1,0,0,0,True,31.47921379893457,74.26487633895766,400,1022,2025-10-25 04:30:00,2025-10-25 04:30:00,4.616192e-06,6.522896e-09,0.042915136,0.39091018,74.375,31.5,2025-10-25 04:30:00,295.68472,98899.65,98025.89,0.74574816,0.04858601,0.010898835,74.375,31.5,0.7473292,0.0,0.0,43460.09433962264,43562.0,1717.8234693058866,53
2025-10-25,4,2025-10-25 10:10:00,0.8270000000000001,0.646,8193,1,0,0,1,True,31.47921379893457,74.26487633895766,400,1022,2025-10-25 10:10:00,2025-10-25 10:30:00,6.761128e-06,3.7225651e-09,0.06278634,0.6157344,74.375,31.5,2025-10-25 10:30:00,302.61105,98681.836,81750.81,-1.260729,0.44889176,0.009666514,74.375,31.5,1.3382605,20.0,20.0,31277.962264150945,31627.0,2898.360166093023,53
2025-10-26,2,2025-10-26 05:10:00,0.6960000000000001,0.538,1,1,0,0,0,True,31.47921379893457,74.26487633895766,400,1022,2025-10-26 05:10:00,2025-10-26 05:30:00,4.8286706e-06,3.6288845e-09,0.0448635,0.47813016,74.375,31.5,2025-10-26 05:30:00,299.79474,99008.79,83567.09,-0.03825912,-0.48439544,0.010548805,74.375,31.5,0.485904,20.0,20.0,56383.65306122449,56580.0,1742.7343762870225,49
2025-10-26,4,2025-10-26 09:10:00,1.264,1.003,8193,1,0,0,1,True,31.47921379893457,74.26487633895766,400,1022,2025-10-26 09:10:00,2025-10-26 09:30:00,5.83706e-06,3.0522675e-09,0.054204904,0.6316423,74.375,31.5,2025-10-26 09:30:00,302.67438,98799.24,80853.516,-0.32155535,-0.07439205,0.010118736,74.375,31.5,0.3300485,20.0,20.0,43275.03773584906,43973.0,3961.3645471569134,53
2025-10-27,1,2025-10-27 04:10:00,1.372,1.089,1,1,0,0,0,True,31.47921379893457,74.26487633895766,400,1022,2025-10-27 04:10:00,2025-10-27 04:30:00,6.942576e-06,7.559721e-09,0.06459814,0.7753798,74.375,31.5,2025-10-27 04:30:00,295.7386,99067.88,97690.47,0.41282237,-0.32522798,0.011203482,74.375,31.5,0.5255431,20.0,20.0,33566.377358490565,32704.0,2829.081777011044,53
2025-10-27,3,2025-10-27 09:50:00,1.174,0.932,8193,1,0,0,1,True,31.47921379893457,74.26487633895766,400,1022,2025-10-27 09:50:00,2025-10-27 09:30:00,8.073612e-06,4.614778e-09,0.07513855,0.8941795,74.375,31.5,2025-10-27 09:30:00,302.37494,98826.33,81115.484,-1.86676,0.54781526,0.0110307215,74.375,31.5,1.9454805,20.0,20.0,20757.203703703704,20285.0,2827.061914944457,54
2025-10-28,2,2025-10-28 04:50:00,0.979,0.765,8193,1,0,0,1,True,31.47921379893457,74.26487633895766,400,1022,2025-10-28 04:50:00,2025-10-28 04:30:00,6.1907763e-06,6.4173977e-09,0.057694662,0.68194395,74.375,31.5,2025-10-28 04:30:00,295.56824,99131.69,97192.72,1.3266777,-0.7286793,0.011447514,74.375,31.5,1.5136205,20.0,20.0,26101.385964912282,26420.0,1074.5329841774112,57
2025-10-30,2,2025-10-30 04:30:00,1.732,1.409,1,1,0,0,0,True,31.47921379893457,74.26487633895766,400,1022,2025-10-30 04:30:00,2025-10-30 04:30:00,7.539628e-06,1.0299134e-08,0.07072459,0.8100977,74.375,31.5,2025-10-30 04:30:00,295.44858,98964.95,97243.39,-0.5896495,0.97484726,0.012080904,74.375,31.5,1.139304,0.0,0.0,38029.472727272725,38595.0,1518.3027909422958,55
2025-10-30,4,2025-10-30 10:05:00,1.892,1.539,8193,1,0,0,1,True,31.47921379893457,74.26487633895766,400,1022,2025-10-30 10:05:00,2025-10-30 10:30:00,9.14833e-06,6.204574e-09,0.085166,0.9529348,74.375,31.5,2025-10-30 10:30:00,301.3613,98647.234,85875.61,-1.6346515,1.0865886,0.012282,74.375,31.5,1.962845,25.0,25.0,25637.684210526317,24931.0,3361.9343292531053,57
2025-10-31,2,2025-10-31 05:10:00,0.643,0.496,1,1,0,0,0,True,31.47921379893457,74.26487633895766,400,1022,2025-10-31 05:10:00,2025-10-31 05:30:00,5.0293283e-06,4.3946797e-09,0.046843123,0.4966309,74.375,31.5,2025-10-31 05:30:00,299.52377,98828.2,88195.28,-1.3228288,2.9732332,0.011358722,74.375,31.5,3.2542267,20.0,20.0,40568.6037735849,42035.0,4583.300672171088,53
2025-10-31,4,2025-10-31 09:10:00,0.718,0.555,8193,1,0,0,1,True,31.47921379893457,74.26487633895766,400,1022,2025-10-31 09:10:00,2025-10-31 09:30:00,7.730189e-06,4.98949e-09,0.07185329,0.76620775,74.375,31.5,2025-10-31 09:30:00,301.76343,98523.19,84461.56,-2.4792573,2.3659196,0.010858069,74.375,31.5,3.4269948,20.0,20.0,26834.867924528302,27374.0,2137.319160480968,53
2025-11-01,1,2025-11-01 04:10:00,1.274,1.011,8193,1,0,0,1,True,31.47921379893457,74.26487633895766,400,1022,2025-11-01 04:10:00,2025-11-01 04:30:00,1.042409e-05,1.3453246e-08,0.09689246,0.856799,74.375,31.5,2025-11-01 04:30:00,294.90363,98869.32,98132.82,0.24200213,1.3172169,0.0101326,74.375,31.5,1.339263,20.0,20.0,31955.0,32159.0,1870.8306596650743,57
2025-11-01,3,2025-11-01 09:45:00,1.374,1.09,8193,1,0,0,1,True,31.47921379893457,74.26487633895766,400,1022,2025-11-01 09:45:00,2025-11-01 09:30:00,1.0235592e-05,6.8958e-09,0.09504268,0.811547,74.375,31.5,2025-11-01 09:30:00,302.05762,98593.0,83308.91,-1.7868643,2.3435788,0.009719123,74.375,31.5,2.9470742,15.0,15.0,22660.105263157893,21842.0,2611.21434314854,57
2025-11-02,2,2025-11-02 04:50:00,0.808,0.631,8193,1,0,0,1,True,31.47921379893457,74.26487633895766,400,1022,2025-11-02 04:50:00,2025-11-02 04:30:00,6.607619e-06,9.418732e-09,0.061433334,0.5431679,74.375,31.5,2025-11-02 04:30:00,294.611,98851.77,96492.7,0.53528446,2.0978215,0.00994592,74.375,31.5,2.165037,20.0,20.0,19570.132075471698,19846.0,1097.2706530600203,53
2025-11-03,1,2025-11-03 03:55:00,1.231,0.977,8193,1,0,0,1,True,31.47921379893457,74.26487633895766,400,1022,2025-11-03 03:55:00,2025-11-03 03:30:00,8.45118e-06,1.445369e-08,0.078533016,0.9286499,74.375,31.5,2025-11-03 03:30:00,292.2999,98606.56,97857.195,0.4333075,1.7111325,0.009141955,74.375,31.5,1.765143,25.0,25.0,31140.377358490565,31179.0,1890.8603477946538,53
2025-11-03,4,2025-11-03 09:25:00,0.961,0.751,8193,1,0,0,1,True,31.47921379893457,74.26487633895766,400,1022,2025-11-03 09:25:00,2025-11-03 09:30:00,8.343741e-06,5.8680603e-09,0.07747439,0.74964803,74.375,31.5,2025-11-03 09:30:00,302.18634,98273.78,84282.21,-0.5704733,2.1567836,0.007948786,74.375,31.5,2.230954,5.0,5.0,23684.964912280702,23467.0,3868.842291605887,57
2025-11-04,2,2025-11-04 04:30:00,1.353,1.074,8193,1,0,0,1,True,31.47921379893457,74.26487633895766,400,1022,2025-11-04 04:30:00,2025-11-04 04:30:00,6.2583454e-06,6.4374044e-09,0.058223102,0.57695174,74.375,31.5,2025-11-04 04:30:00,293.2273,98480.41,97743.32,2.7826097,-2.470272,0.008922027,74.375,31.5,3.7209086,0.0,0.0,12165.59649122807,12485.0,836.7740533836121,57
2025-11-05,2,2025-11-05 05:10:00,0.534,0.409,1,1,0,0,0,True,31.47921379893457,74.26487633895766,400,1022,2025-11-05 05:10:00,2025-11-05 05:30:00,4.6048413e-06,3.3996927e-09,0.04285685,0.44433838,74.375,31.5,2025-11-05 05:30:00,295.72473,98828.1,92846.89,-2.6401699,-0.039740622,0.010631321,74.375,31.5,2.6404688,20.0,20.0,4238.5344827586205,4237.0,516.0037812834811,58
2025-11-05,3,2025-11-05 09:05:00,0.29,0.219,1,1,0,0,0,True,31.47921379893457,74.26487633895766,400,1022,2025-11-05 09:05:00,2025-11-05 09:30:00,3.513137e-06,2.1373125e-09,0.03262042,0.3299134,74.375,31.5,2025-11-05 09:30:00,299.57144,98649.94,81489.3,-3.2271485,2.2436678,0.008809364,74.375,31.5,3.9304621,25.0,25.0,3766.842105263158,3822.0,436.4496284744538,57
2025-11-06,1,2025-11-06 04:10:00,0.336,0.255,1,1,0,0,0,True,31.47921379893457,74.26487633895766,400,1022,2025-11-06 04:10:00,2025-11-06 04:30:00,1.8675947e-06,4.0527177e-09,0.017354924,0.12452964,74.375,31.5,2025-11-06 04:30:00,289.7312,98972.73,98228.3,-0.75314415,2.451182,0.0067510777,74.375,31.5,2.5642774,20.0,20.0,11187.491228070176,11115.0,428.2945466284613,57
2025-11-06,3,2025-11-06 09:40:00,0.371,0.282,1,1,0,0,0,True,31.47921379893457,74.26487633895766,400,1022,2025-11-06 09:40:00,2025-11-06 09:30:00,2.6044877e-06,1.8644641e-09,0.02419239,0.17250945,74.375,31.5,2025-11-06 09:30:00,298.9665,98837.46,86144.57,-2.4629202,2.3682175,0.0057627237,74.375,31.5,3.4167864,10.0,10.0,7942.175438596491,7746.0,527.3695208568865,57
2025-11-07,2,2025-11-07 04:50:00,0.214,0.162,1,1,0,0,0,True,31.47921379893457,74.26487633895766,400,1022,2025-11-07 04:50:00,2025-11-07 04:30:00,1.3900549e-06,4.376489e-09,0.012908457,0.0719564,74.375,31.5,2025-11-07 04:30:00,290.8828,99101.65,98355.25,-0.40466928,1.6482167,0.0064884606,74.375,31.5,1.6971669,20.0,20.0,21167.245283018867,20933.0,1275.9428475514517,53
2025-11-07,4,2025-11-07 10:20:00,0.317,0.241,1,1,0,0,0,True,31.47921379893457,74.26487633895766,400,1022,2025-11-07 10:20:00,2025-11-07 10:30:00,2.4300696e-06,1.5593287e-09,0.022557396,0.16532762,74.375,31.5,2025-11-07 10:30:00,298.279,98881.87,85804.92,-1.0643612,1.9062598,0.0055354643,74.375,31.5,2.1832752,10.0,10.0,7497.934426229508,7042.0,1131.6638321346798,61
2025-11-08,1,2025-11-08 03:55:00,0.683,0.527,1,1,0,0,0,True,31.47921379893457,74.26487633895766,400,1022,2025-11-08 03:55:00,2025-11-08 03:30:00,5.107907e-06,8.352799e-09,0.047426224,0.35972038,74.375,31.5,2025-11-08 03:30:00,288.19812,99091.69,98351.9,0.8850539,1.6048102,0.004786383,74.375,31.5,1.8326856,25.0,25.0,16972.245614035088,17487.0,1366.1360432242798,57
2025-11-08,4,2025-11-08 09:20:00,0.683,0.527,8193,1,0,0,1,True,31.47921379893457,74.26487633895766,400,1022,2025-11-08 09:20:00,2025-11-08 09:30:00,6.7992414e-06,4.298272e-09,0.06314523,0.48586398,74.375,31.5,2025-11-08 09:30:00,299.0212,98981.11,84857.984,-1.2033737,2.4194357,0.005684073,74.375,31.5,2.7021801,10.0,10.0,17475.964912280702,16946.0,1536.9620657661042,57
2025-11-09,2,2025-11-09 04:30:00,0.538,0.412,1,1,0,0,0,True,31.47921379893457,74.26487633895766,400,1022,2025-11-09 04:30:00,2025-11-09 04:30:00,3.6190518e-06,7.71252e-09,0.03359985,0.24300915,74.375,31.5,2025-11-09 04:30:00,290.68832,99066.03,98322.55,0.20995283,2.0996761,0.005986537,74.375,31.5,2.110147,0.0,0.0,23155.21052631579,22897.0,1232.8890828462647,57
2025-11-09,4,2025-11-09 10:00:00,0.766,0.599,8193,1,0,0,1,True,31.47921379893457,74.26487633895766,400,1022,2025-11-09 10:00:00,2025-11-09 09:30:00,7.6278266e-06,5.466063e-09,0.07080773,0.5565459,74.375,31.5,2025-11-09 09:30:00,298.31772,98812.22,84417.234,-1.4318032,2.251751,0.005731678,74.375,31.5,2.6684158,30.0,30.0,10523.228070175439,10470.0,478.283240109272,57
2025-11-10,2,2025-11-10 05:10:00,0.557,0.43,1,1,0,0,0,True,31.47921379893457,74.26487633895766,400,1022,2025-11-10 05:10:00,2025-11-10 05:30:00,3.7914863e-06,5.8316925e-09,0.035202045,0.25976676,74.375,31.5,2025-11-10 05:30:00,293.89197,99012.41,92694.84,0.1513015,2.163772,0.0061313384,74.375,31.5,2.1690555,20.0,20.0,33247.49056603773,32799.0,1984.3743212974393,53
2025-11-11,1,2025-11-11 04:10:00,1.083,0.859,1,1,0,0,0,True,31.47921379893457,74.26487633895766,400,1022,2025-11-11 04:10:00,2025-11-11 04:30:00,8.824375e-06,1.1361416e-08,0.081925556,0.6032985,74.375,31.5,2025-11-11 04:30:00,289.76288,99186.2,98444.43,-0.12723157,1.3537993,0.005953111,74.375,31.5,1.3597649,20.0,20.0,36904.92452830189,36264.0,3080.6780962405055,53
2025-11-11,3,2025-11-11 09:40:00,0.883,0.6900000000000001,8193,1,0,0,1,True,31.47921379893457,74.26487633895766,400,1022,2025-11-11 09:40:00,2025-11-11 09:30:00,1.0485054e-05,7.592462e-09,0.09735553,0.7388071,74.375,31.5,2025-11-11 09:30:00,297.88348,98963.06,85026.86,-1.9226708,1.8693373,0.006066367,74.375,31.5,2.68162,10.0,10.0,36285.96153846154,32922.5,6608.036770424028,52
2025-11-12,2,2025-11-12 04:50:00,0.624,0.482,8193,1,0,0,1,True,31.47921379893457,74.26487633895766,400,1022,2025-11-12 04:50:00,2025-11-12 04:30:00,5.740302e-06,8.756622e-09,0.05329757,0.3988906,74.375,31.5,2025-11-12 04:30:00,290.03848,99203.45,98461.92,-0.15261483,2.304759,0.005754253,74.375,31.5,2.3098063,20.0,20.0,39636.64150943396,40400.0,3274.472013190357,53
2025-11-12,4,2025-11-12 10:15:00,0.529,0.405,1,1,0,0,0,True,31.47921379893457,74.26487633895766,400,1022,2025-11-12 10:15:00,2025-11-12 10:30:00,7.730924e-06,5.9371854e-09,0.07177157,0.5295647,74.375,31.5,2025-11-12 10:30:00,297.44064,98991.17,90417.375,-1.1082907,1.9216636,0.006375987,74.375,31.5,2.2183552,15.0,15.0,11061.016393442624,11169.0,1657.4735844230247,61
2025-11-13,1,2025-11-13 03:50:00,0.682,0.527,1,1,0,0,0,True,31.47921379893457,74.26487633895766,400,1022,2025-11-13 03:50:00,2025-11-13 03:30:00,9.954553e-06,1.3835243e-08,0.09244927,0.63849527,74.375,31.5,2025-11-13 03:30:00,287.54837,99338.79,98591.94,-0.65380913,1.7312664,0.0061641186,74.375,31.5,1.8506079,20.0,20.0,23612.584905660377,23492.0,978.2770654016459,53
2025-11-13,4,2025-11-13 09:15:00,0.54,0.413,1,1,0,0,0,True,31.47921379893457,74.26487633895766,400,1022,2025-11-13 09:15:00,2025-11-13 09:30:00,1.2662289e-05,1.061926e-08,0.11757588,0.8015496,74.375,31.5,2025-11-13 09:30:00,298.22357,99148.61,87691.8,-0.76933706,2.3154612,0.0059364643,74.375,31.5,2.4399261,15.0,15.0,18865.375,19400.0,2885.730854724517,56
2025-11-14,2,2025-11-14 04:30:00,0.965,0.755,8193,1,0,0,1,True,31.47921379893457,74.26487633895766,400,1022,2025-11-14 04:30:00,2025-11-14 04:30:00,7.397888e-06,1.1688839e-08,0.0686943,0.4578546,74.375,31.5,2025-11-14 04:30:00,289.1671,99386.65,98647.1,-0.36543718,1.5433213,0.0053636697,74.375,31.5,1.5859964,0.0,0.0,36003.912280701756,35952.0,3202.506709487238,57
2025-11-14,4,2025-11-14 09:55:00,1.306,1.036,8193,1,0,0,1,True,31.47921379893457,74.26487633895766,400,1022,2025-11-14 09:55:00,2025-11-14 09:30:00,1.0972093e-05,9.062208e-09,0.10187323,0.6719575,74.375,31.5,2025-11-14 09:30:00,298.05545,99128.15,86833.24,-1.3595108,1.7148769,0.005474768,74.375,31.5,2.188395,25.0,25.0,15587.912280701754,15874.0,1770.0350307338729,57
2025-11-15,2,2025-11-15 05:10:00,0.473,0.362,1,1,0,0,0,True,31.47921379893457,74.26487633895766,400,1022,2025-11-15 05:10:00,2025-11-15 05:30:00,5.506756e-06,9.6442845e-09,0.051123656,0.3355356,74.375,31.5,2025-11-15 05:30:00,292.5401,99437.875,96594.56,0.9850684,0.7650592,0.006282934,74.375,31.5,1.2472671,20.0,20.0,39533.264150943396,38790.0,3023.239316915546,53
2025-11-15,3,2025-11-15 08:55:00,0.616,0.476,8193,1,0,0,1,True,31.47921379893457,74.26487633895766,400,1022,2025-11-15 08:55:00,2025-11-15 08:30:00,1.1907983e-05,9.2041e-09,0.11054056,0.71898097,74.375,31.5,2025-11-15 08:30:00,298.54822,99285.484,84769.38,-0.5107275,2.2873247,0.005046934,74.375,31.5,2.3436503,25.0,25.0,44600.84905660377,39871.0,16483.48927353138,53
2025-11-16,1,2025-11-16 04:10:00,0.719,0.556,1,1,0,0,0,True,31.47921379893457,74.26487633895766,400,1022,2025-11-16 04:10:00,2025-11-16 04:30:00,6.952353e-06,1.2812964e-08,0.06455098,0.42276785,74.375,31.5,2025-11-16 04:30:00,289.00305,99705.28,98951.33,1.2456315,0.5959343,0.005707236,74.375,31.5,1.3808459,20.0,20.0,45077.377358490565,43571.0,6862.515773349997,53
2025-11-16,2,2025-11-16 09:35:00,0.5730000000000001,0.442,8193,1,0,0,1,True,31.47921379893457,74.26487633895766,400,1022,2025-11-16 09:35:00,2025-11-16 09:30:00,8.642502e-06,7.672498e-09,0.08028105,0.4961977,74.375,31.5,2025-11-16 09:30:00,298.47507,99399.984,87843.45,-0.7824662,2.8359146,0.0055401614,74.375,31.5,2.9418812,5.0,5.0,25116.105263157893,24494.0,2745.6714159629682,57
2025-11-17,2,2025-11-17 04:50:00,0.609,0.47,8193,1,0,0,1,True,31.47921379893457,74.26487633895766,400,1022,2025-11-17 04:50:00,2025-11-17 04:30:00,5.4241805e-06,9.55697e-09,0.050373584,0.29557323,74.375,31.5,2025-11-17 04:30:00,289.5332,99509.484,98770.984,1.2413375,1.2811217,0.005276459,74.375,31.5,1.7838699,20.0,20.0,30120.929824561405,30091.0,1551.9630525292928,57
2025-11-18,1,2025-11-18 03:50:00,1.267,1.006,8193,1,0,0,1,True,31.47921379893457,74.26487633895766,400,1022,2025-11-18 03:50:00,2025-11-18 03:30:00,1.4905046e-05,2.2417227e-08,0.1384359,0.8496315,74.375,31.5,2025-11-18 03:30:00,286.21088,99484.13,98747.875,0.7102456,-0.661659,0.00578923,74.375,31.5,0.9706912,20.0,20.0,42573.58490566038,42728.0,3072.4617631341853,53
2025-11-19,2,2025-11-19 04:30:00,0.874,0.683,8193,1,0,0,1,True,31.47921379893457,74.26487633895766,400,1022,2025-11-19 04:30:00,2025-11-19 04:30:00,1.3575377e-05,2.2786736e-08,0.12627901,0.78259045,74.375,31.5,2025-11-19 04:30:00,288.1474,99432.06,98691.16,1.4492921,-0.94035864,0.0062156813,74.375,31.5,1.7276347,0.0,0.0,44353.642857142855,43489.5,4059.9283577582833,56
2025-11-19,4,2025-11-19 09:50:00,1.535,1.249,8193,1,0,0,1,True,31.47921379893457,74.26487633895766,400,1022,2025-11-19 09:50:00,2025-11-19 09:30:00,1.3684745e-05,9.335054e-09,0.1271401,0.76691633,74.375,31.5,2025-11-19 09:30:00,297.60748,99176.34,85010.04,0.19682592,-0.0027055144,0.005357585,74.375,31.5,0.19684452,20.0,20.0,31904.075471698114,31353.0,6077.458489080956,53
2025-11-20,2,2025-11-20 05:10:00,0.685,0.529,8193,1,0,0,1,True,31.47921379893457,74.26487633895766,400,1022,2025-11-20 05:10:00,2025-11-20 05:30:00,1.0593461e-05,1.10776455e-08,0.09838216,0.640452,74.375,31.5,2025-11-20 05:30:00,291.77057,99398.43,94504.81,-0.3778309,0.5822187,0.006593362,74.375,31.5,0.6940712,20.0,20.0,32192.30188679245,32584.0,1595.5849974334908,53
2025-11-21,1,2025-11-21 04:10:00,1.4,1.139,8193,1,0,0,1,True,31.47921379893457,74.26487633895766,400,1022,2025-11-21 04:10:00,2025-11-21 04:30:00,1.1427211e-05,1.1918025e-08,0.10616439,0.73018134,74.375,31.5,2025-11-21 04:30:00,289.14258,99562.5,98808.64,0.37851322,0.0005765557,0.0066973483,74.375,31.5,0.37851363,20.0,20.0,32221.21052631579,30725.0,3771.348762790509,57
2025-11-21,3,2025-11-21 09:30:00,1.28,1.015,8193,1,0,0,1,True,31.47921379893457,74.26487633895766,400,1022,2025-11-21 09:30:00,2025-11-21 09:30:00,1.4355939e-05,9.06585e-09,0.1333079,0.92131835,74.375,31.5,2025-11-21 09:30:00,297.11752,99343.62,84660.445,-1.2917771,0.9312191,0.007100896,74.375,31.5,1.5924375,0.0,0.0,33575.0,32970.0,3884.8601796441294,14
2025-11-22,2,2025-11-22 04:50:00,0.8280000000000001,0.647,8193,1,0,0,1,True,31.47921379893457,74.26487633895766,400,1022,2025-11-22 04:50:00,2025-11-22 04:30:00,6.568956e-06,7.683412e-09,0.061057113,0.4466121,74.375,31.5,2025-11-22 04:30:00,289.3678,99333.14,98588.16,-0.2753538,2.3281784,0.00674751,74.375,31.5,2.344405,20.0,20.0,36879.188679245286,36932.0,2104.009241137608,53
2025-11-22,4,2025-11-22 10:10:00,0.838,0.655,8193,1,0,0,1,True,31.47921379893457,74.26487633895766,400,1022,2025-11-22 10:10:00,2025-11-22 10:30:00,1.3926402e-05,9.57516e-09,0.12927829,0.87980604,74.375,31.5,2025-11-22 10:30:00,295.617,99076.98,95240.72,-1.1392717,1.6901139,0.0077191577,74.375,31.5,2.0382407,20.0,20.0,18066.052631578947,17372.0,2803.118763226396,57
2025-11-23,1,2025-11-23 03:50:00,0.754,0.589,1,1,0,0,0,True,31.47921379893457,74.26487633895766,400,1022,2025-11-23 03:50:00,2025-11-23 03:30:00,1.19323295e-05,1.3104e-08,0.11076847,0.71570224,74.375,31.5,2025-11-23 03:30:00,286.82355,99384.78,98633.09,-0.32029885,-0.12268716,0.0055562053,74.375,31.5,0.34299198,20.0,20.0,23167.56140350877,22995.0,1699.875678411553,57
2025-11-23,4,2025-11-23 09:10:00,0.5750000000000001,0.444,8193,1,0,0,1,True,31.47921379893457,74.26487633895766,400,1022,2025-11-23 09:10:00,2025-11-23 09:30:00,1.1207803e-05,7.381459e-09,0.104058035,0.67190903,74.375,31.5,2025-11-23 09:30:00,296.14313,99174.47,87204.875,-1.4841521,2.1676564,0.0053699045,74.375,31.5,2.6270595,20.0,20.0,21690.01886792453,23359.0,3653.633168034283,53
2025-11-24,2,2025-11-24 04:30:00,0.796,0.622,8193,1,0,0,1,True,31.47921379893457,74.26487633895766,400,1022,2025-11-24 04:30:00,2025-11-24 04:30:00,6.2956597e-06,9.236828e-09,0.058459237,0.3836729,74.375,31.5,2025-11-24 04:30:00,288.05466,99531.516,98775.984,0.9285003,0.999981,0.00535189,74.375,31.5,1.3645786,0.0,0.0,25025.315789473683,22498.0,4514.2541749041,57
2025-11-24,4,2025-11-24 09:45:00,0.794,0.62,8193,1,0,0,1,True,31.47921379893457,74.26487633895766,400,1022,2025-11-24 09:45:00,2025-11-24 09:30:00,8.448442e-06,5.7043517e-09,0.0784454,0.48138523,74.375,31.5,2025-11-24 09:30:00,296.49692,99328.54,84365.19,-1.0608894,2.714611,0.0050362647,74.375,31.5,2.9145496,15.0,15.0,15730.368421052632,14341.0,5133.788859923115,57
2025-11-26,1,2025-11-26 04:10:00,0.686,0.53,1,1,0,0,0,True,31.47921379893457,74.26487633895766,400,1022,2025-11-26 04:10:00,2025-11-26 04:30:00,7.0483893e-06,8.152713e-09,0.0654302,0.3940195,74.375,31.5,2025-11-26 04:30:00,287.59348,99469.61,98730.16,0.0041799843,-0.028360724,0.0045019602,74.375,31.5,0.028667105,20.0,20.0,33121.28846153846,33836.0,2024.0258304224267,52
2025-11-26,3,2025-11-26 09:25:00,0.58,0.448,8193,1,0,0,1,True,31.47921379893457,74.26487633895766,400,1022,2025-11-26 09:25:00,2025-11-26 09:30:00,8.315491e-06,5.8844307e-09,0.07719199,0.4513778,74.375,31.5,2025-11-26 09:30:00,296.47763,99333.99,87583.55,-0.14080943,2.2288432,0.0044457894,74.375,31.5,2.2332866,5.0,5.0,19458.280701754386,17718.0,5469.177989797481,57
2025-11-27,2,2025-11-27 04:50:00,0.5730000000000001,0.443,8193,1,0,0,1,True,31.47921379893457,74.26487633895766,400,1022,2025-11-27 04:50:00,2025-11-27 04:30:00,6.0255898e-06,8.440117e-09,0.055947408,0.32549065,74.375,31.5,2025-11-27 04:30:00,286.54553,99699.11,98942.5,0.26474386,-0.55558205,0.004914084,74.375,31.5,0.6154354,20.0,20.0,54630.0,52258.0,9863.295768812619,53
2025-11-27,4,2025-11-27 10:05:00,0.942,0.736,8193,1,0,0,1,True,31.47921379893457,74.26487633895766,400,1022,2025-11-27 10:05:00,2025-11-27 10:30:00,8.860796e-06,5.349669e-09,0.082246885,0.5087188,74.375,31.5,2025-11-27 10:30:00,294.38248,99366.72,92154.33,-1.1605201,-0.3392328,0.0055705537,74.375,31.5,1.2090847,25.0,25.0,19291.543859649122,20339.0,4393.915883152584,57
2025-11-28,1,2025-11-28 03:50:00,0.704,0.544,1,1,0,0,0,True,31.47921379893457,74.26487633895766,400,1022,2025-11-28 03:50:00,2025-11-28 03:30:00,6.4973983e-06,7.032213e-09,0.060330283,0.38124436,74.375,31.5,2025-11-28 03:30:00,285.0056,99575.21,92706.76,-0.6930246,1.3226705,0.005034257,74.375,31.5,1.4932314,20.0,20.0,50955.09433962264,50756.0,4070.874774939236,53
2025-11-28,3,2025-11-28 09:05:00,0.505,0.386,8193,1,0,0,1,True,31.47921379893457,74.26487633895766,400,1022,2025-11-28 09:05:00,2025-11-28 09:30:00,6.5568697e-06,4.2127795e-09,0.060886666,0.39978766,74.375,31.5,2025-11-28 09:30:00,295.00754,99229.1,86841.57,-0.038106337,1.2112349,0.0049190307,74.375,31.5,1.2118342,25.0,25.0,35049.43859649123,33465.0,7843.35732373385,57
2025-11-29,2,2025-11-29 04:30:00,0.484,0.371,8193,1,0,0,1,True,31.47921379893457,74.26487633895766,400,1022,2025-11-29 04:30:00,2025-11-29 04:30:00,4.0879404e-06,6.9539983e-09,0.03794984,0.23022155,74.375,31.5,2025-11-29 04:30:00,287.315,99406.11,92226.49,-0.77549666,0.53080094,0.004786587,74.375,31.5,0.9397578,0.0,0.0,32123.98113207547,28896.0,8372.727640037776,53
2025-11-29,4,2025-11-29 09:40:00,0.427,0.327,8193,1,0,0,1,True,31.47921379893457,74.26487633895766,400,1022,2025-11-29 09:40:00,2025-11-29 09:30:00,4.291609e-06,2.6557245e-09,0.03983991,0.24505971,74.375,31.5,2025-11-29 09:30:00,296.01053,99099.484,81648.73,-0.5425345,0.6004667,0.004567737,74.375,31.5,0.8092614,10.0,10.0,14591.526315789473,12801.0,4850.113905530111,57
2025-11-30,4,2025-11-30 10:20:00,0.354,0.269,1,1,0,0,0,True,31.47921379893457,74.26487633895766,400,1022,2025-11-30 10:20:00,2025-11-30 10:30:00,4.646985e-06,3.0759126e-09,0.043523256,0.2820446,74.375,31.5,2025-11-30 10:30:00,293.86462,98935.76,92885.08,-0.67717135,1.5768058,0.0056496086,74.375,31.5,1.7160646,10.0,10.0,18052.526315789473,17656.0,4167.683786783318,57
2025-12-02,2,2025-12-02 04:50:00,0.792,0.619,8193,1,0,0,1,True,31.47921379893457,74.26487633895766,400,1022,2025-12-02 04:50:00,2025-12-02 04:30:00,6.6449393e-06,7.070413e-09,0.061699644,0.42620984,74.375,31.5,2025-12-02 04:30:00,286.03467,99260.84,98512.39,1.6031545,-0.66908807,0.0050094724,74.375,31.5,1.7371768,20.0,20.0,27322.01886792453,26703.0,1911.312079442227,53
2025-12-02,4,2025-12-02 10:00:00,1.298,1.03,8193,1,0,0,1,True,31.47921379893457,74.26487633895766,400,1022,2025-12-02 10:00:00,2025-12-02 09:30:00,8.914957e-06,4.647518e-09,0.082767814,0.59593785,74.375,31.5,2025-12-02 09:30:00,294.6662,98980.7,79999.08,-0.89461553,1.1162698,0.0041573397,74.375,31.5,1.4305227,30.0,30.0,34059.03773584906,33338.0,4039.3030051952514,53
2025-12-03,3,2025-12-03 09:00:00,0.493,0.377,1,1,0,0,0,True,31.47921379893457,74.26487633895766,400,1022,2025-12-03 09:00:00,2025-12-03 08:30:00,7.65648e-06,4.642061e-09,0.071093656,0.49311236,74.375,31.5,2025-12-03 08:30:00,294.00568,99459.54,83099.516,-1.5433125,1.8012054,0.00478338,74.375,31.5,2.3719516,30.0,30.0,26957.90740740741,26221.5,11668.805268213677,54
2025-12-04,2,2025-12-04 04:30:00,0.558,0.431,1,1,0,0,0,True,31.47921379893457,74.26487633895766,400,1022,2025-12-04 04:30:00,2025-12-04 04:30:00,4.0698073e-06,7.759809e-09,0.037851993,0.24591702,74.375,31.5,2025-12-04 04:30:00,286.67493,99594.53,98850.484,1.047293,2.1253538,0.004651496,74.375,31.5,2.3693779,0.0,0.0,24707.854545454546,24581.0,1813.740971523914,55
2025-12-04,4,2025-12-04 09:40:00,0.516,0.395,8193,1,0,0,1,True,31.47921379893457,74.26487633895766,400,1022,2025-12-04 09:40:00,2025-12-04 09:30:00,7.38811e-06,5.5952114e-09,0.06864424,0.42732278,74.375,31.5,2025-12-04 09:30:00,294.8379,99316.336,86540.84,-0.75959826,1.2628157,0.004447836,74.375,31.5,1.4736665,10.0,10.0,15753.375,15592.0,3065.07798840421,56
2025-12-05,3,2025-12-05 10:15:00,0.606,0.468,1,1,0,0,0,True,31.47921379893457,74.26487633895766,400,1022,2025-12-05 10:15:00,2025-12-05 10:30:00,1.911283e-05,1.5577825e-08,0.17743222,1.1083981,74.375,31.5,2025-12-05 10:30:00,294.1426,99494.55,97273.84,-0.739112,0.29157376,0.006070346,74.375,31.5,0.79454505,15.0,15.0,12522.701754385966,11461.0,2933.453681029729,57
2025-12-07,2,2025-12-07 04:50:00,0.536,0.41,8193,1,0,0,1,True,31.47921379893457,74.26487633895766,400,1022,2025-12-07 04:50:00,2025-12-07 04:30:00,3.735569e-06,6.8066592e-09,0.03471925,0.2874226,74.375,31.5,2025-12-07 04:30:00,286.4446,99544.05,98800.93,-0.09485078,0.5840055,0.0051915906,74.375,31.5,0.5916579,20.0,20.0,19091.719298245614,18786.0,1799.2509528212206,57
2025-12-08,1,2025-12-08 03:50:00,0.553,0.427,1,1,0,0,0,True,31.47921379893457,74.26487633895766,400,1022,2025-12-08 03:50:00,2025-12-08 03:30:00,5.1371667e-06,1.1310476e-08,0.04769323,0.33623445,74.375,31.5,2025-12-08 03:30:00,285.78357,99532.12,98776.375,-1.3278667,0.66527635,0.0054163537,74.375,31.5,1.4852011,20.0,20.0,25210.63157894737,22584.0,10884.450175810409,57
2025-12-10,2,2025-12-10 05:10:00,0.306,0.233,1,1,0,0,0,True,31.47921379893457,74.26487633895766,400,1022,2025-12-10 05:10:00,2025-12-10 05:30:00,1.7060936e-06,3.994513e-09,0.015865473,0.13030986,74.375,31.5,2025-12-10 05:30:00,291.23962,99433.43,97387.5,0.82403505,2.1348295,0.0054474906,74.375,31.5,2.2883468,20.0,20.0,15199.438596491229,15094.0,5008.649828823076,57
2025-12-11,1,2025-12-11 04:10:00,0.869,0.68,1,1,0,0,0,True,31.47921379893457,74.26487633895766,400,1022,2025-12-11 04:10:00,2025-12-11 04:30:00,7.0304077e-06,2.018351e-08,0.065281436,0.42322144,74.375,31.5,2025-12-11 04:30:00,288.37103,99391.3,98638.53,0.54523605,2.0450373,0.0042102956,74.375,31.5,2.1164734,20.0,20.0,24377.80701754386,23858.0,3887.038931953384,57
2025-12-15,4,2025-12-15 10:05:00,0.8190000000000001,0.64,8193,1,0,0,1,True,31.47921379893457,74.26487633895766,400,1022,2025-12-15 10:05:00,2025-12-15 10:30:00,1.3719749e-05,1.1510565e-08,0.12736396,0.71339136,74.375,31.5,2025-12-15 10:30:00,293.52838,99131.25,97561.97,-1.0653887,1.7904818,0.0073636253,74.375,31.5,2.0834775,25.0,25.0,24039.01754385965,21627.0,6176.801609626677,57
2025-12-16,2,2025-12-16 09:05:00,0.704,0.544,8193,1,0,0,1,True,31.47921379893457,74.26487633895766,400,1022,2025-12-16 09:05:00,2025-12-16 09:30:00,7.73986e-06,7.0958777e-09,0.072126746,0.3968567,74.375,31.5,2025-12-16 09:30:00,296.66327,99109.04,92025.0,-2.0073516,2.5971036,0.005432994,74.375,31.5,3.2824392,25.0,25.0,12758.983606557376,12907.0,1433.7419862235008,61
2025-12-17,2,2025-12-17 04:50:00,0.552,0.427,8193,1,0,0,1,True,31.47921379893457,74.26487633895766,400,1022,2025-12-17 04:50:00,2025-12-17 04:30:00,2.9451871e-06,5.7953007e-09,0.0273929,0.18942818,74.375,31.5,2025-12-17 04:30:00,289.43433,99441.81,98690.45,-0.73894477,2.3966422,0.0061854,74.375,31.5,2.507974,20.0,20.0,13656.491228070176,13439.0,441.84742529871977,57
2025-12-23,4,2025-12-23 10:20:00,0.368,0.28,1,1,0,0,0,True,31.47921379893457,74.26487633895766,400,1022,2025-12-23 10:20:00,2025-12-23 10:30:00,7.4066725e-06,4.7530193e-09,0.06877497,0.50187767,74.375,31.5,2025-12-23 10:30:00,294.78525,99056.56,84234.48,-0.64752954,1.844992,0.006620145,74.375,31.5,1.9553236,10.0,10.0,10206.819672131147,9540.0,2804.208399936286,61
2025-12-24,2,2025-12-24 04:30:00,0.313,0.238,1,1,0,0,0,True,31.47921379893457,74.26487633895766,400,1022,2025-12-24 04:30:00,2025-12-24 04:30:00,2.4787162e-06,4.5838533e-09,0.02306543,0.1669952,74.375,31.5,2025-12-24 04:30:00,286.69968,99192.57,92502.8,-0.84226537,3.308239,0.0053234464,74.375,31.5,3.4137745,0.0,0.0,10169.11475409836,10185.0,300.6100518590297,61
2025-12-24,4,2025-12-24 09:20:00,0.273,0.206,1,1,0,0,0,True,31.47921379893457,74.26487633895766,400,1022,2025-12-24 09:20:00,2025-12-24 09:30:00,1.8444638e-06,1.344688e-09,0.01728402,0.11918603,74.375,31.5,2025-12-24 09:30:00,295.76617,98968.33,83867.445,-1.6985524,2.3703055,0.0046105254,74.375,31.5,2.9160638,10.0,10.0,8697.147540983606,8689.0,360.73447465162764,61
2025-12-25,2,2025-12-25 05:10:00,0.186,0.14,1,1,0,0,0,True,31.47921379893457,74.26487633895766,400,1022,2025-12-25 05:10:00,2025-12-25 05:30:00,1.4910556e-06,2.9413059e-09,0.013855877,0.07106259,74.375,31.5,2025-12-25 05:30:00,290.63644,99334.13,92264.125,-0.5623582,2.1836164,0.0040237634,74.375,31.5,2.2548673,20.0,20.0,12414.859649122807,12405.0,278.7892469870188,57
