aod_047,aod_055,T2M,PS,PBLTOP,V10M,U10M,QV2M,WIND_SPEED,TOTEXTTAU,BC6_mean_30min
0.287,0.217,303.8089,98147.0,87079.01,1.3185862,3.794335,0.019013777,4.01692,0.23083381,3388.0819672131147
0.342,0.26,300.9517,98362.76,95984.0,2.1339717,0.33640945,0.019761136,2.1603255,0.21939865,7938.928571428572
0.8140000000000001,0.636,302.7141,98059.2,95115.57,1.183409,2.926548,0.019616624,3.156761,0.52922344,7556.949152542373
1.142,0.906,303.72195,98224.77,87652.55,1.0787917,1.7536138,0.019961363,2.0588717,0.45715725,7156.311475409836
0.5630000000000001,0.435,303.89435,98186.91,86219.39,2.169311,2.0301402,0.021035826,2.9710906,0.2498882,7231.7192982456145
0.772,0.603,301.32275,98331.22,92744.73,2.2603707,1.1487662,0.019799711,2.5355353,0.4264569,10988.016393442624
0.7000000000000001,0.54,306.9094,98066.836,80059.95,-1.2352352,2.4515128,0.01957115,2.7451267,0.5873641,4625.819672131148
0.74,0.5720000000000001,302.6944,98320.02,92764.91,1.4257863,2.4649544,0.018679013,2.8476071,0.44554153,7758.11475409836
0.425,0.326,305.07858,98241.734,85080.73,0.5323431,2.7079875,0.017702913,2.7598162,0.31990284,13886.456140350878
0.592,0.458,306.59534,97931.28,80984.66,-1.5551437,3.0447514,0.018146332,3.4189155,0.40937302,10945.0
0.674,0.521,301.60388,98258.734,92477.42,0.6866428,1.5227106,0.017336886,1.670367,0.26784405,8224.508771929824
0.201,0.152,307.28345,97966.82,78777.83,-1.060419,2.7780416,0.016512873,2.9735506,0.26405436,4637.393442622951
0.364,0.277,300.37152,98279.77,97336.91,0.7107953,1.0781152,0.015612724,1.2913413,0.3507128,10184.350877192985
0.301,0.229,306.9172,97935.734,81311.38,-0.34449333,2.7332842,0.016887154,2.754908,0.363989,9167.245901639344
0.501,0.383,298.69333,98082.805,97349.94,1.2317692,1.3956407,0.014463271,1.8614694,0.1756615,18510.98245614035
0.393,0.299,307.2882,97787.63,80704.16,-0.4667179,2.30768,0.01700895,2.3544028,0.38781205,7223.131147540984
0.584,0.451,301.37854,98136.47,90405.48,0.5299547,2.2293098,0.017489405,2.291435,0.34627804,16421.947368421053
0.55,0.425,305.36728,98303.01,88196.81,-0.52619296,2.7856283,0.017062163,2.8348904,0.32055667,6802.11475409836
0.718,0.555,306.72067,98056.195,82734.22,-2.5576396,2.7461014,0.018306188,3.7526782,0.5549837,7555.524590163935
0.9,0.7030000000000001,302.7794,98578.1,91395.11,0.2526691,0.7741428,0.017725643,0.8143333,0.39634594,10168.183333333332
0.416,0.319,306.81396,98293.22,84502.2,-1.5612655,1.0244215,0.018352091,1.8673481,0.48421213,8141.3
0.506,0.388,302.57794,98569.54,82001.14,-0.27001035,-0.3044045,0.016397644,0.4069001,0.42345574,17945.701754385966
0.526,0.403,307.21933,98164.22,79208.125,-1.5585674,0.95819056,0.017405136,1.8295523,0.5055959,13275.105263157897
1.07,0.849,303.479,98078.07,87980.81,-0.23553729,1.1464016,0.017322525,1.170348,0.46142447,23619.094339622643
1.36,1.079,304.53488,98018.85,85878.234,-1.1022708,1.7849027,0.016811414,2.097827,0.3240754,6810.44262295082
1.827,1.487,301.2978,98363.15,94899.95,1.0811377,0.5937662,0.018002076,1.2334573,0.90459615,9195.827586206897
1.085,0.861,302.61658,98743.016,87275.11,1.1353267,-0.119054556,0.017957618,1.1415519,0.61884516,6454.140350877193
0.411,0.315,305.01495,98518.58,82496.86,-0.27793527,0.28485924,0.017996393,0.39798594,0.47667247,3243.0175438596493
1.17,0.928,299.1794,98650.51,97909.5,0.6897686,1.0481418,0.016991047,1.2547438,0.69871104,11809.157894736842
1.093,0.867,305.48615,98157.375,84753.28,-1.3508666,2.3036191,0.017264307,2.6704872,0.8240377,15762.350877192985
0.484,0.371,300.34982,98324.016,92351.91,2.0981262,-3.0166478,0.017691296,3.6745474,0.55575645,2284.1639344262294
0.3,0.228,303.06107,98054.88,80833.0,1.8658648,-0.95357394,0.015875569,2.0954127,0.38083714,1391.229508196721
0.608,0.469,296.15024,98909.234,89864.11,-2.9589067,1.930784,0.012532132,3.5331366,0.5080861,7840.147540983607
0.384,0.292,299.91803,98630.39,82469.25,-1.9399749,1.8912295,0.01342455,2.70929,0.3572965,6719.46551724138
0.492,0.377,294.37732,99054.43,98306.4,0.46432042,1.0818298,0.011253068,1.1772634,0.283461,15049.55737704918
0.562,0.434,301.19638,98821.9,79369.86,-0.9160235,1.4650514,0.012314204,1.7278526,0.38540277,6384.263157894737
0.496,0.38,297.42615,98866.7,90576.164,-0.36596358,2.3732715,0.012212905,2.401322,0.24462336,9616.438596491227
0.538,0.412,301.3642,98598.27,81991.33,-0.34647244,0.9325692,0.012622373,0.994851,0.21812062,5930.140350877193
0.261,0.197,300.5602,98919.45,85312.69,-0.854594,1.538194,0.012149527,1.759651,0.24119341,6959.622950819672
0.403,0.308,302.21793,98687.49,81911.945,-1.4199178,1.6122391,0.013127522,2.1483672,0.3714736,9388.7868852459
0.496,0.38,296.762,98834.31,95852.19,-0.017374158,1.7702441,0.012694541,1.7703294,0.22015278,12012.842105263158
0.347,0.264,302.46548,98613.4,82844.31,-0.72717595,1.4563584,0.0121540995,1.6278098,0.30503607,8225.016393442624
0.268,0.203,297.0351,98899.09,87551.72,0.7556279,1.6525829,0.012728237,1.8171417,0.27950802,12081.245614035088
0.367,0.279,303.25824,98786.65,81412.36,0.066485584,1.5746768,0.011256627,1.5760797,0.24701361,19886.16393442623
0.628,0.485,294.09576,98759.914,93745.414,1.517028,0.7968031,0.0106735155,1.7135546,0.3200178,23341.01754385965
0.508,0.389,302.4886,98567.43,82468.17,0.30352628,0.7586437,0.011792175,0.8171098,0.34697428,18689.280701754386
0.804,0.629,297.38187,98824.68,89073.69,0.49307653,-0.32835764,0.0121572,0.5924046,0.24537063,22160.140350877195
0.62,0.479,302.24185,98634.625,82273.19,-0.4334881,0.264071,0.011860131,0.50758785,0.44217646,11981.105263157897
0.626,0.483,297.66058,98971.67,94711.56,0.5132269,1.3285298,0.013329401,1.4242167,0.35325792,27895.64912280702
0.588,0.454,303.38626,98763.23,81762.44,-0.967391,1.2724862,0.013174802,1.5984576,0.47529855,18649.21052631579
0.387,0.294,297.24564,98954.5,95488.02,0.23261762,1.2233855,0.012906088,1.2453043,0.37595287,19773.824561403508
0.466,0.357,303.57175,98757.445,82026.34,-0.964443,1.2678611,0.01228863,1.5929916,0.33288792,20323.280701754386
0.512,0.392,295.53485,98843.445,83967.86,0.22320545,0.85333645,0.011722153,0.8820452,0.26893583,53815.33962264151
0.663,0.512,304.34814,98598.6,78561.22,-1.2581599,0.29549026,0.011773411,1.2923934,0.35577747,30709.736842105263
0.505,0.387,297.50726,98902.99,79998.8,0.28114554,0.62104046,0.012013115,0.68171406,0.28066805,44308.71698113208
0.5730000000000001,0.442,303.35303,98618.945,75575.21,-0.004473105,-0.04959339,0.009258444,0.049794707,0.32667413,15510.540983606556
0.5660000000000001,0.437,295.68774,99136.445,93620.19,-0.18120313,1.166844,0.009663095,1.18083,0.41133836,15001.80701754386
0.615,0.475,302.56378,98793.69,80725.02,-1.2706585,1.5562788,0.0102545135,2.0091233,0.5606207,14097.578947368422
0.622,0.481,295.91513,98960.57,89817.99,-0.4306274,1.3470833,0.011264727,1.4142395,0.43113583,26896.20754716981
0.8170000000000001,0.639,294.37827,98976.445,73978.45,0.61970806,1.198019,0.009998144,1.3488097,0.6469988,37275.96363636364
1.201,0.953,303.2137,98736.7,82992.97,-1.7338219,1.1842946,0.010715159,2.0996885,0.60192215,27646.45614035088
0.786,0.615,295.68472,98899.65,98025.89,0.74574816,0.04858601,0.010898835,0.7473292,0.39091018,43460.09433962264
0.8270000000000001,0.646,302.61105,98681.836,81750.81,-1.260729,0.44889176,0.009666514,1.3382605,0.6157344,31277.962264150945
0.6960000000000001,0.538,299.79474,99008.79,83567.09,-0.03825912,-0.48439544,0.010548805,0.485904,0.47813016,56383.65306122449
1.264,1.003,302.67438,98799.24,80853.516,-0.32155535,-0.07439205,0.010118736,0.3300485,0.6316423,43275.03773584906
1.372,1.089,295.7386,99067.88,97690.47,0.41282237,-0.32522798,0.011203482,0.5255431,0.7753798,33566.377358490565
1.174,0.932,302.37494,98826.33,81115.484,-1.86676,0.54781526,0.0110307215,1.9454805,0.8941795,20757.203703703704
0.979,0.765,295.56824,99131.69,97192.72,1.3266777,-0.7286793,0.011447514,1.5136205,0.68194395,26101.38596491228
1.732,1.409,295.44858,98964.95,97243.39,-0.5896495,0.97484726,0.012080904,1.139304,0.8100977,38029.472727272725
1.892,1.539,301.3613,98647.234,85875.61,-1.6346515,1.0865886,0.012282,1.962845,0.9529348,25637.68421052632
0.643,0.496,299.52377,98828.2,88195.28,-1.3228288,2.9732332,0.011358722,3.2542267,0.4966309,40568.6037735849
0.718,0.555,301.76343,98523.19,84461.56,-2.4792573,2.3659196,0.010858069,3.4269948,0.76620775,26834.867924528306
1.274,1.011,294.90363,98869.32,98132.82,0.24200213,1.3172169,0.0101326,1.339263,0.856799,31955.0
1.374,1.09,302.05762,98593.0,83308.91,-1.7868643,2.3435788,0.009719123,2.9470742,0.811547,22660.105263157893
0.808,0.631,294.611,98851.77,96492.7,0.53528446,2.0978215,0.00994592,2.165037,0.5431679,19570.132075471694
1.231,0.977,292.2999,98606.56,97857.195,0.4333075,1.7111325,0.009141955,1.765143,0.9286499,31140.377358490565
0.961,0.751,302.18634,98273.78,84282.21,-0.5704733,2.1567836,0.007948786,2.230954,0.74964803,23684.964912280702
1.353,1.074,293.2273,98480.41,97743.32,2.7826097,-2.470272,0.008922027,3.7209086,0.57695174,12165.59649122807
0.534,0.409,295.72473,98828.1,92846.89,-2.6401699,-0.039740622,0.010631321,2.6404688,0.44433838,4238.5344827586205
0.29,0.219,299.57144,98649.94,81489.3,-3.2271485,2.2436678,0.008809364,3.9304621,0.3299134,3766.842105263158
0.336,0.255,289.7312,98972.73,98228.3,-0.75314415,2.451182,0.0067510777,2.5642774,0.12452964,11187.491228070176
0.371,0.282,298.9665,98837.46,86144.57,-2.4629202,2.3682175,0.0057627237,3.4167864,0.17250945,7942.175438596491
0.214,0.162,290.8828,99101.65,98355.25,-0.40466928,1.6482167,0.0064884606,1.6971669,0.0719564,21167.245283018867
0.317,0.241,298.279,98881.87,85804.92,-1.0643612,1.9062598,0.0055354643,2.1832752,0.16532762,7497.934426229508
0.683,0.527,288.19812,99091.69,98351.9,0.8850539,1.6048102,0.004786383,1.8326856,0.35972038,16972.245614035088
0.683,0.527,299.0212,98981.11,84857.984,-1.2033737,2.4194357,0.005684073,2.7021801,0.48586398,17475.964912280702
0.538,0.412,290.68832,99066.03,98322.55,0.20995283,2.0996761,0.005986537,2.110147,0.24300915,23155.21052631579
0.766,0.599,298.31772,98812.22,84417.234,-1.4318032,2.251751,0.005731678,2.6684158,0.5565459,10523.22807017544
0.557,0.43,293.89197,99012.41,92694.84,0.1513015,2.163772,0.0061313384,2.1690555,0.25976676,33247.49056603773
1.083,0.859,289.76288,99186.2,98444.43,-0.12723157,1.3537993,0.005953111,1.3597649,0.6032985,36904.92452830189
0.883,0.6900000000000001,297.88348,98963.06,85026.86,-1.9226708,1.8693373,0.006066367,2.68162,0.7388071,36285.96153846154
0.624,0.482,290.03848,99203.45,98461.92,-0.15261483,2.304759,0.005754253,2.3098063,0.3988906,39636.64150943396
0.529,0.405,297.44064,98991.17,90417.375,-1.1082907,1.9216636,0.006375987,2.2183552,0.5295647,11061.016393442624
0.682,0.527,287.54837,99338.79,98591.94,-0.65380913,1.7312664,0.0061641186,1.8506079,0.63849527,23612.584905660377
0.54,0.413,298.22357,99148.61,87691.8,-0.76933706,2.3154612,0.0059364643,2.4399261,0.8015496,18865.375
0.965,0.755,289.1671,99386.65,98647.1,-0.36543718,1.5433213,0.0053636697,1.5859964,0.4578546,36003.91228070176
1.306,1.036,298.05545,99128.15,86833.24,-1.3595108,1.7148769,0.005474768,2.188395,0.6719575,15587.912280701754
0.473,0.362,292.5401,99437.875,96594.56,0.9850684,0.7650592,0.006282934,1.2472671,0.3355356,39533.2641509434
0.616,0.476,298.54822,99285.484,84769.38,-0.5107275,2.2873247,0.005046934,2.3436503,0.71898097,44600.84905660377
0.719,0.556,289.00305,99705.28,98951.33,1.2456315,0.5959343,0.005707236,1.3808459,0.42276785,45077.377358490565
0.5730000000000001,0.442,298.47507,99399.984,87843.45,-0.7824662,2.8359146,0.0055401614,2.9418812,0.4961977,25116.105263157893
0.609,0.47,289.5332,99509.484,98770.984,1.2413375,1.2811217,0.005276459,1.7838699,0.29557323,30120.929824561405
1.267,1.006,286.21088,99484.13,98747.875,0.7102456,-0.661659,0.00578923,0.9706912,0.8496315,42573.58490566038
0.874,0.683,288.1474,99432.06,98691.16,1.4492921,-0.94035864,0.0062156813,1.7276347,0.78259045,44353.642857142855
1.535,1.249,297.60748,99176.34,85010.04,0.19682592,-0.0027055144,0.005357585,0.19684452,0.76691633,31904.075471698117
0.685,0.529,291.77057,99398.43,94504.81,-0.3778309,0.5822187,0.006593362,0.6940712,0.640452,32192.30188679245
1.4,1.139,289.14258,99562.5,98808.64,0.37851322,0.0005765557,0.0066973483,0.37851363,0.73018134,32221.21052631579
1.28,1.015,297.11752,99343.62,84660.445,-1.2917771,0.9312191,0.007100896,1.5924375,0.92131835,33575.0
0.8280000000000001,0.647,289.3678,99333.14,98588.16,-0.2753538,2.3281784,0.00674751,2.344405,0.4466121,36879.188679245286
0.838,0.655,295.617,99076.98,95240.72,-1.1392717,1.6901139,0.0077191577,2.0382407,0.87980604,18066.052631578947
0.754,0.589,286.82355,99384.78,98633.09,-0.32029885,-0.12268716,0.0055562053,0.34299198,0.71570224,23167.56140350877
0.5750000000000001,0.444,296.14313,99174.47,87204.875,-1.4841521,2.1676564,0.0053699045,2.6270595,0.67190903,21690.01886792453
0.796,0.622,288.05466,99531.516,98775.984,0.9285003,0.999981,0.00535189,1.3645786,0.3836729,25025.315789473683
0.794,0.62,296.49692,99328.54,84365.19,-1.0608894,2.714611,0.0050362647,2.9145496,0.48138523,15730.368421052632
0.686,0.53,287.59348,99469.61,98730.16,0.0041799843,-0.028360724,0.0045019602,0.028667105,0.3940195,33121.28846153846
0.58,0.448,296.47763,99333.99,87583.55,-0.14080943,2.2288432,0.0044457894,2.2332866,0.4513778,19458.280701754386
0.5730000000000001,0.443,286.54553,99699.11,98942.5,0.26474386,-0.55558205,0.004914084,0.6154354,0.32549065,54630.0
0.942,0.736,294.38248,99366.72,92154.33,-1.1605201,-0.3392328,0.0055705537,1.2090847,0.5087188,19291.54385964912
0.704,0.544,285.0056,99575.21,92706.76,-0.6930246,1.3226705,0.005034257,1.4932314,0.38124436,50955.09433962264
0.505,0.386,295.00754,99229.1,86841.57,-0.038106337,1.2112349,0.0049190307,1.2118342,0.39978766,35049.43859649123
0.484,0.371,287.315,99406.11,92226.49,-0.77549666,0.53080094,0.004786587,0.9397578,0.23022155,32123.98113207547
0.427,0.327,296.01053,99099.484,81648.73,-0.5425345,0.6004667,0.004567737,0.8092614,0.24505971,14591.526315789471
0.354,0.269,293.86462,98935.76,92885.08,-0.67717135,1.5768058,0.0056496086,1.7160646,0.2820446,18052.526315789477
0.792,0.619,286.03467,99260.84,98512.39,1.6031545,-0.66908807,0.0050094724,1.7371768,0.42620984,27322.01886792453
1.298,1.03,294.6662,98980.7,79999.08,-0.89461553,1.1162698,0.0041573397,1.4305227,0.59593785,34059.03773584906
0.493,0.377,294.00568,99459.54,83099.516,-1.5433125,1.8012054,0.00478338,2.3719516,0.49311236,26957.90740740741
0.558,0.431,286.67493,99594.53,98850.484,1.047293,2.1253538,0.004651496,2.3693779,0.24591702,24707.854545454546
0.516,0.395,294.8379,99316.336,86540.84,-0.75959826,1.2628157,0.004447836,1.4736665,0.42732278,15753.375
0.606,0.468,294.1426,99494.55,97273.84,-0.739112,0.29157376,0.006070346,0.79454505,1.1083981,12522.701754385966
0.536,0.41,286.4446,99544.05,98800.93,-0.09485078,0.5840055,0.0051915906,0.5916579,0.2874226,19091.71929824561
0.553,0.427,285.78357,99532.12,98776.375,-1.3278667,0.66527635,0.0054163537,1.4852011,0.33623445,25210.63157894737
0.306,0.233,291.23962,99433.43,97387.5,0.82403505,2.1348295,0.0054474906,2.2883468,0.13030986,15199.438596491227
0.869,0.68,288.37103,99391.3,98638.53,0.54523605,2.0450373,0.0042102956,2.1164734,0.42322144,24377.80701754386
0.8190000000000001,0.64,293.52838,99131.25,97561.97,-1.0653887,1.7904818,0.0073636253,2.0834775,0.71339136,24039.01754385965
0.704,0.544,296.66327,99109.04,92025.0,-2.0073516,2.5971036,0.005432994,3.2824392,0.3968567,12758.983606557376
0.552,0.427,289.43433,99441.81,98690.45,-0.73894477,2.3966422,0.0061854,2.507974,0.18942818,13656.491228070176
0.368,0.28,294.78525,99056.56,84234.48,-0.64752954,1.844992,0.006620145,1.9553236,0.50187767,10206.819672131149
0.313,0.238,286.69968,99192.57,92502.8,-0.84226537,3.308239,0.0053234464,3.4137745,0.1669952,10169.11475409836
0.273,0.206,295.76617,98968.33,83867.445,-1.6985524,2.3703055,0.0046105254,2.9160638,0.11918603,8697.147540983606
0.186,0.14,290.63644,99334.13,92264.125,-0.5623582,2.1836164,0.0040237634,2.2548673,0.07106259,12414.859649122807
