date,orbit,orbit_time,aod_047,aod_055,qa,cloud_mask,aod_quality,glint_mask,aerosol_model,valid_best_quality,site_lat,site_lon,pixel_x,pixel_y
2025-09-01,1,2025-09-01 03:30:00,,,0,0,0,0,0,False,31.479213798934566,74.26487633895766,400,1022
2025-09-01,2,2025-09-01 05:10:00,,,1283,3,5,0,0,False,31.479213798934566,74.26487633895766,400,1022
2025-09-01,3,2025-09-01 08:10:00,,,0,0,0,0,0,False,31.479213798934566,74.26487633895766,400,1022
2025-09-01,4,2025-09-01 09:45:00,,,1283,3,5,0,0,False,31.479213798934566,74.26487633895766,400,1022
2025-09-02,1,2025-09-02 04:10:00,,,1283,3,5,0,0,False,31.479213798934566,74.26487633895766,400,1022
2025-09-02,2,2025-09-02 08:50:00,,,1283,3,5,0,0,False,31.479213798934566,74.26487633895766,400,1022
2025-09-02,3,2025-09-02 10:25:00,,,1280,0,5,0,0,False,31.479213798934566,74.26487633895766,400,1022
2025-09-03,1,2025-09-03 03:10:00,,,0,0,0,0,0,False,31.479213798934566,74.26487633895766,400,1022
2025-09-03,2,2025-09-03 04:50:00,,,1283,3,5,0,0,False,31.479213798934566,74.26487633895766,400,1022
2025-09-03,3,2025-09-03 07:50:00,,,0,0,0,0,0,False,31.479213798934566,74.26487633895766,400,1022
2025-09-03,4,2025-09-03 09:25:00,,,1283,3,5,0,0,False,31.479213798934566,74.26487633895766,400,1022
2025-09-04,1,2025-09-04 03:50:00,,,1283,3,5,0,0,False,31.479213798934566,74.26487633895766,400,1022
2025-09-04,2,2025-09-04 05:30:00,,,1280,0,5,0,0,False,31.479213798934566,74.26487633895766,400,1022
2025-09-04,3,2025-09-04 08:30:00,,,0,0,0,0,0,False,31.479213798934566,74.26487633895766,400,1022
2025-09-04,4,2025-09-04 10:05:00,,,1283,3,5,0,0,False,31.479213798934566,74.26487633895766,400,1022
2025-09-05,1,2025-09-05 02:50:00,,,0,0,0,0,0,False,31.479213798934566,74.26487633895766,400,1022
2025-09-05,2,2025-09-05 04:30:00,,,1283,3,5,0,0,False,31.479213798934566,74.26487633895766,400,1022
2025-09-05,3,2025-09-05 07:30:00,,,0,0,0,0,0,False,31.479213798934566,74.26487633895766,400,1022
2025-09-05,4,2025-09-05 09:05:00,,,1283,3,5,0,0,False,31.479213798934566,74.26487633895766,400,1022
2025-09-06,1,2025-09-06 03:30:00,,,0,0,0,0,0,False,31.479213798934566,74.26487633895766,400,1022
2025-09-06,2,2025-09-06 05:10:00,,,1283,3,5,0,0,False,31.479213798934566,74.26487633895766,400,1022
2025-09-06,3,2025-09-06 08:05:00,,,0,0,0,0,0,False,31.479213798934566,74.26487633895766,400,1022
2025-09-06,4,2025-09-06 09:45:00,,,1283,3,5,0,0,False,31.479213798934566,74.26487633895766,400,1022
2025-09-07,1,2025-09-07 04:10:00,0.667,0.515,865,1,3,0,0,False,31.479213798934566,74.26487633895766,400,1022
2025-09-07,2,2025-09-07 08:45:00,,,1283,3,5,0,0,False,31.479213798934566,74.26487633895766,400,1022
2025-09-07,3,2025-09-07 10:20:00,,,1280,0,5,0,0,False,31.479213798934566,74.26487633895766,400,1022
2025-09-08,1,2025-09-08 03:10:00,,,0,0,0,0,0,False,31.479213798934566,74.26487633895766,400,1022
2025-09-08,2,2025-09-08 04:50:00,,,1283,3,5,0,0,False,31.479213798934566,74.26487633895766,400,1022
2025-09-08,3,2025-09-08 07:45:00,,,0,0,0,0,0,False,31.479213798934566,74.26487633895766,400,1022
2025-09-08,4,2025-09-08 09:25:00,,,1283,3,5,0,0,False,31.479213798934566,74.26487633895766,400,1022
2025-09-09,1,2025-09-09 03:50:00,,,1282,2,5,0,0,False,31.479213798934566,74.26487633895766,400,1022
2025-09-09,2,2025-09-09 05:30:00,,,1280,0,5,0,0,False,31.479213798934566,74.26487633895766,400,1022
2025-09-09,3,2025-09-09 08:25:00,,,0,0,0,0,0,False,31.479213798934566,74.26487633895766,400,1022
2025-09-09,4,2025-09-09 10:00:00,0.539,0.41200000000000003,1,1,0,0,0,True,31.479213798934566,74.26487633895766,400,1022
2025-09-10,1,2025-09-10 02:50:00,,,0,0,0,0,0,False,31.479213798934566,74.26487633895766,400,1022
2025-09-10,2,2025-09-10 04:30:00,0.497,0.38,1,1,0,0,0,True,31.479213798934566,74.26487633895766,400,1022
2025-09-10,3,2025-09-10 07:25:00,,,0,0,0,0,0,False,31.479213798934566,74.26487633895766,400,1022
2025-09-10,4,2025-09-10 09:05:00,,,1283,3,5,0,0,False,31.479213798934566,74.26487633895766,400,1022
2025-09-10,5,2025-09-10 10:40:00,,,0,0,0,0,0,False,31.479213798934566,74.26487633895766,400,1022
2025-09-11,1,2025-09-11 03:30:00,,,0,0,0,0,0,False,31.479213798934566,74.26487633895766,400,1022
2025-09-11,2,2025-09-11 05:10:00,0.28700000000000003,0.217,1,1,0,0,0,True,31.479213798934566,74.26487633895766,400,1022
2025-09-11,3,2025-09-11 08:05:00,,,0,0,0,0,0,False,31.479213798934566,74.26487633895766,400,1022
2025-09-11,4,2025-09-11 09:40:00,,,1283,3,5,0,0,False,31.479213798934566,74.26487633895766,400,1022
2025-09-12,1,2025-09-12 04:10:00,,,1283,3,5,0,0,False,31.479213798934566,74.26487633895766,400,1022
2025-09-12,2,2025-09-12 08:40:00,,,1280,0,5,0,0,False,31.479213798934566,74.26487633895766,400,1022
2025-09-12,3,2025-09-12 10:20:00,,,1283,3,5,0,0,False,31.479213798934566,74.26487633895766,400,1022
2025-09-13,1,2025-09-13 03:10:00,,,0,0,0,0,0,False,31.479213798934566,74.26487633895766,400,1022
2025-09-13,2,2025-09-13 04:50:00,,,1283,3,5,0,0,False,31.479213798934566,74.26487633895766,400,1022
2025-09-13,3,2025-09-13 07:45:00,,,0,0,0,0,0,False,31.479213798934566,74.26487633895766,400,1022
2025-09-13,4,2025-09-13 09:20:00,,,1283,3,5,0,0,False,31.479213798934566,74.26487633895766,400,1022
2025-09-14,1,2025-09-14 03:50:00,0.342,0.26,1,1,0,0,0,True,31.479213798934566,74.26487633895766,400,1022
2025-09-14,2,2025-09-14 05:30:00,,,1280,0,5,0,0,False,31.479213798934566,74.26487633895766,400,1022
2025-09-14,3,2025-09-14 08:20:00,,,0,0,0,0,0,False,31.479213798934566,74.26487633895766,400,1022
2025-09-14,4,2025-09-14 10:00:00,0.504,0.386,1057,1,4,0,0,False,31.479213798934566,74.26487633895766,400,1022
2025-09-15,1,2025-09-15 02:50:00,,,0,0,0,0,0,False,31.479213798934566,74.26487633895766,400,1022
2025-09-15,2,2025-09-15 04:30:00,0.8140000000000001,0.636,1,1,0,0,0,True,31.479213798934566,74.26487633895766,400,1022
2025-09-15,3,2025-09-15 07:20:00,,,0,0,0,0,0,False,31.479213798934566,74.26487633895766,400,1022
2025-09-15,4,2025-09-15 09:00:00,,,1283,3,5,0,0,False,31.479213798934566,74.26487633895766,400,1022
2025-09-15,5,2025-09-15 10:35:00,,,0,0,0,0,0,False,31.479213798934566,74.26487633895766,400,1022
2025-09-16,1,2025-09-16 03:30:00,,,0,0,0,0,0,False,31.479213798934566,74.26487633895766,400,1022
2025-09-16,2,2025-09-16 05:10:00,0.562,0.434,865,1,3,0,0,False,31.479213798934566,74.26487633895766,400,1022
2025-09-16,3,2025-09-16 08:00:00,,,0,0,0,0,0,False,31.479213798934566,74.26487633895766,400,1022
2025-09-16,4,2025-09-16 09:40:00,,,1282,2,5,0,0,False,31.479213798934566,74.26487633895766,400,1022
2025-09-17,1,2025-09-17 04:10:00,1.1420000000000001,0.906,1,1,0,0,0,True,31.479213798934566,74.26487633895766,400,1022
2025-09-17,2,2025-09-17 08:40:00,,,1280,0,5,0,0,False,31.479213798934566,74.26487633895766,400,1022
2025-09-17,3,2025-09-17 10:15:00,,,1283,3,5,0,0,False,31.479213798934566,74.26487633895766,400,1022
2025-09-18,1,2025-09-18 03:10:00,,,0,0,0,0,0,False,31.479213798934566,74.26487633895766,400,1022
2025-09-18,2,2025-09-18 04:50:00,0.5630000000000001,0.435,1,1,0,0,0,True,31.479213798934566,74.26487633895766,400,1022
2025-09-18,3,2025-09-18 07:40:00,,,0,0,0,0,0,False,31.479213798934566,74.26487633895766,400,1022
2025-09-18,4,2025-09-18 09:20:00,,,1283,3,5,0,0,False,31.479213798934566,74.26487633895766,400,1022
2025-09-19,1,2025-09-19 03:50:00,0.772,0.603,1,1,0,0,0,True,31.479213798934566,74.26487633895766,400,1022
2025-09-19,2,2025-09-19 05:30:00,,,1280,0,5,0,0,False,31.479213798934566,74.26487633895766,400,1022
2025-09-19,3,2025-09-19 08:20:00,,,0,0,0,0,0,False,31.479213798934566,74.26487633895766,400,1022
2025-09-19,4,2025-09-19 09:55:00,0.7000000000000001,0.54,1,1,0,0,0,True,31.479213798934566,74.26487633895766,400,1022
2025-09-20,1,2025-09-20 02:50:00,,,0,0,0,0,0,False,31.479213798934566,74.26487633895766,400,1022
2025-09-20,2,2025-09-20 04:30:00,0.74,0.5720000000000001,1,1,0,0,0,True,31.479213798934566,74.26487633895766,400,1022
2025-09-20,3,2025-09-20 08:55:00,,,1283,3,5,0,0,False,31.479213798934566,74.26487633895766,400,1022
2025-09-20,4,2025-09-20 10:35:00,,,0,0,0,0,0,False,31.479213798934566,74.26487633895766,400,1022
2025-09-21,1,2025-09-21 03:30:00,,,0,0,0,0,0,False,31.479213798934566,74.26487633895766,400,1022
2025-09-21,2,2025-09-21 05:10:00,0.425,0.326,1,1,0,0,0,True,31.479213798934566,74.26487633895766,400,1022
2025-09-21,3,2025-09-21 08:00:00,,,0,0,0,0,0,False,31.479213798934566,74.26487633895766,400,1022
2025-09-21,4,2025-09-21 09:35:00,0.592,0.458,1,1,0,0,0,True,31.479213798934566,74.26487633895766,400,1022
2025-09-22,1,2025-09-22 04:10:00,0.674,0.521,1,1,0,0,0,True,31.479213798934566,74.26487633895766,400,1022
2025-09-22,2,2025-09-22 08:35:00,,,1280,0,5,0,0,False,31.479213798934566,74.26487633895766,400,1022
2025-09-22,3,2025-09-22 10:15:00,0.201,0.152,1,1,0,0,0,True,31.479213798934566,74.26487633895766,400,1022
2025-09-23,1,2025-09-23 03:10:00,,,0,0,0,0,0,False,31.479213798934566,74.26487633895766,400,1022
2025-09-23,2,2025-09-23 04:50:00,0.364,0.277,1,1,0,0,0,True,31.479213798934566,74.26487633895766,400,1022
2025-09-23,3,2025-09-23 07:35:00,,,0,0,0,0,0,False,31.479213798934566,74.26487633895766,400,1022
2025-09-23,4,2025-09-23 09:15:00,0.301,0.229,1,1,0,0,0,True,31.479213798934566,74.26487633895766,400,1022
2025-09-24,1,2025-09-24 03:50:00,0.501,0.383,1,1,0,0,0,True,31.479213798934566,74.26487633895766,400,1022
2025-09-24,2,2025-09-24 05:30:00,,,1280,0,5,0,0,False,31.479213798934566,74.26487633895766,400,1022
2025-09-24,3,2025-09-24 08:15:00,,,0,0,0,0,0,False,31.479213798934566,74.26487633895766,400,1022
2025-09-24,4,2025-09-24 09:55:00,0.393,0.299,1,1,0,0,0,True,31.479213798934566,74.26487633895766,400,1022
2025-09-25,1,2025-09-25 02:50:00,,,0,0,0,0,0,False,31.479213798934566,74.26487633895766,400,1022
2025-09-25,2,2025-09-25 04:30:00,0.584,0.451,1,1,0,0,0,True,31.479213798934566,74.26487633895766,400,1022
2025-09-25,3,2025-09-25 08:55:00,,,1283,3,5,0,0,False,31.479213798934566,74.26487633895766,400,1022
2025-09-25,4,2025-09-25 10:30:00,,,1280,0,5,0,0,False,31.479213798934566,74.26487633895766,400,1022
2025-09-26,1,2025-09-26 03:30:00,,,0,0,0,0,0,False,31.479213798934566,74.26487633895766,400,1022
2025-09-26,2,2025-09-26 05:10:00,0.55,0.425,1,1,0,0,0,True,31.479213798934566,74.26487633895766,400,1022
2025-09-26,3,2025-09-26 07:55:00,,,0,0,0,0,0,False,31.479213798934566,74.26487633895766,400,1022
2025-09-26,4,2025-09-26 09:30:00,0.718,0.555,8193,1,0,0,1,True,31.479213798934566,74.26487633895766,400,1022
2025-09-27,1,2025-09-27 04:10:00,0.9,0.7030000000000001,8193,1,0,0,1,True,31.479213798934566,74.26487633895766,400,1022
2025-09-27,2,2025-09-27 08:35:00,,,0,0,0,0,0,False,31.479213798934566,74.26487633895766,400,1022
2025-09-27,3,2025-09-27 10:10:00,0.41600000000000004,0.319,1,1,0,0,0,True,31.479213798934566,74.26487633895766,400,1022
2025-09-28,1,2025-09-28 03:10:00,,,0,0,0,0,0,False,31.479213798934566,74.26487633895766,400,1022
2025-09-28,2,2025-09-28 04:50:00,0.506,0.388,1,1,0,0,0,True,31.479213798934566,74.26487633895766,400,1022
2025-09-28,3,2025-09-28 07:35:00,,,0,0,0,0,0,False,31.479213798934566,74.26487633895766,400,1022
2025-09-28,4,2025-09-28 09:10:00,0.526,0.403,1,1,0,0,0,True,31.479213798934566,74.26487633895766,400,1022
2025-09-29,1,2025-09-29 03:50:00,,,1282,2,5,0,0,False,31.479213798934566,74.26487633895766,400,1022
2025-09-29,2,2025-09-29 05:30:00,,,0,0,0,0,0,False,31.479213798934566,74.26487633895766,400,1022
2025-09-29,3,2025-09-29 08:15:00,,,0,0,0,0,0,False,31.479213798934566,74.26487633895766,400,1022
2025-09-29,4,2025-09-29 09:50:00,,,1282,2,5,0,0,False,31.479213798934566,74.26487633895766,400,1022
2025-09-30,1,2025-09-30 02:50:00,,,0,0,0,0,0,False,31.479213798934566,74.26487633895766,400,1022
2025-09-30,2,2025-09-30 04:30:00,1.07,0.849,8193,1,0,0,1,True,31.479213798934566,74.26487633895766,400,1022
2025-09-30,3,2025-09-30 08:50:00,,,1283,3,5,0,0,False,31.479213798934566,74.26487633895766,400,1022
2025-09-30,4,2025-09-30 10:25:00,,,1280,0,5,0,0,False,31.479213798934566,74.26487633895766,400,1022
2025-10-01,1,2025-10-01 03:30:00,,,0,0,0,0,0,False,31.479213798934566,74.26487633895766,400,1022
2025-10-01,2,2025-10-01 05:10:00,1.36,1.079,1,1,0,0,0,True,31.479213798934566,74.26487633895766,400,1022
2025-10-01,3,2025-10-01 07:50:00,,,0,0,0,0,0,False,31.479213798934566,74.26487633895766,400,1022
2025-10-01,4,2025-10-01 09:30:00,,,1282,2,5,0,0,False,31.479213798934566,74.26487633895766,400,1022
2025-10-02,1,2025-10-02 04:10:00,1.827,1.487,1,1,0,0,0,True,31.479213798934566,74.26487633895766,400,1022
2025-10-02,2,2025-10-02 08:30:00,,,0,0,0,0,0,False,31.479213798934566,74.26487633895766,400,1022
2025-10-02,3,2025-10-02 10:10:00,,,1283,3,5,0,0,False,31.479213798934566,74.26487633895766,400,1022
2025-10-03,1,2025-10-03 03:10:00,,,0,0,0,0,0,False,31.479213798934566,74.26487633895766,400,1022
2025-10-03,2,2025-10-03 04:50:00,1.085,0.861,8193,1,0,0,1,True,31.479213798934566,74.26487633895766,400,1022
2025-10-03,3,2025-10-03 07:30:00,,,0,0,0,0,0,False,31.479213798934566,74.26487633895766,400,1022
2025-10-03,4,2025-10-03 09:10:00,0.41100000000000003,0.315,8193,1,0,0,1,True,31.479213798934566,74.26487633895766,400,1022
2025-10-04,1,2025-10-04 03:50:00,1.17,0.928,1,1,0,0,0,True,31.479213798934566,74.26487633895766,400,1022
2025-10-04,2,2025-10-04 05:30:00,,,0,0,0,0,0,False,31.479213798934566,74.26487633895766,400,1022
2025-10-04,3,2025-10-04 08:10:00,,,0,0,0,0,0,False,31.479213798934566,74.26487633895766,400,1022
2025-10-04,4,2025-10-04 09:45:00,1.093,0.867,8193,1,0,0,1,True,31.479213798934566,74.26487633895766,400,1022
2025-10-05,1,2025-10-05 02:50:00,,,0,0,0,0,0,False,31.479213798934566,74.26487633895766,400,1022
2025-10-05,2,2025-10-05 04:30:00,0.484,0.371,1,1,0,0,0,True,31.479213798934566,74.26487633895766,400,1022
2025-10-05,3,2025-10-05 08:45:00,,,1280,0,5,0,0,False,31.479213798934566,74.26487633895766,400,1022
2025-10-05,4,2025-10-05 10:25:00,0.3,0.228,1,1,0,0,0,True,31.479213798934566,74.26487633895766,400,1022
2025-10-06,1,2025-10-06 03:35:00,,,0,0,0,0,0,False,31.479213798934566,74.26487633895766,400,1022
2025-10-06,2,2025-10-06 05:10:00,,,1283,3,5,0,0,False,31.479213798934566,74.26487633895766,400,1022
2025-10-06,3,2025-10-06 07:50:00,,,0,0,0,0,0,False,31.479213798934566,74.26487633895766,400,1022
2025-10-06,4,2025-10-06 09:25:00,,,1285,5,5,0,0,False,31.479213798934566,74.26487633895766,400,1022
2025-10-07,1,2025-10-07 04:10:00,,,1283,3,5,0,0,False,31.479213798934566,74.26487633895766,400,1022
2025-10-07,2,2025-10-07 08:25:00,,,0,0,0,0,0,False,31.479213798934566,74.26487633895766,400,1022
2025-10-07,3,2025-10-07 10:05:00,,,1283,3,5,0,0,False,31.479213798934566,74.26487633895766,400,1022
2025-10-08,1,2025-10-08 03:10:00,,,0,0,0,0,0,False,31.479213798934566,74.26487633895766,400,1022
2025-10-08,2,2025-10-08 04:50:00,0.608,0.46900000000000003,1,1,0,0,0,True,31.479213798934566,74.26487633895766,400,1022
2025-10-08,3,2025-10-08 07:25:00,,,0,0,0,0,0,False,31.479213798934566,74.26487633895766,400,1022
2025-10-08,4,2025-10-08 09:05:00,0.384,0.292,8193,1,0,0,1,True,31.479213798934566,74.26487633895766,400,1022
2025-10-08,5,2025-10-08 10:40:00,,,0,0,0,0,0,False,31.479213798934566,74.26487633895766,400,1022
2025-10-09,1,2025-10-09 03:50:00,0.492,0.377,1,1,0,0,0,True,31.479213798934566,74.26487633895766,400,1022
2025-10-09,2,2025-10-09 05:30:00,,,0,0,0,0,0,False,31.479213798934566,74.26487633895766,400,1022
2025-10-09,3,2025-10-09 08:05:00,,,0,0,0,0,0,False,31.479213798934566,74.26487633895766,400,1022
2025-10-09,4,2025-10-09 09:45:00,0.562,0.434,1,1,0,0,0,True,31.479213798934566,74.26487633895766,400,1022
2025-10-10,1,2025-10-10 02:50:00,,,0,0,0,0,0,False,31.479213798934566,74.26487633895766,400,1022
2025-10-10,2,2025-10-10 04:30:00,0.496,0.38,1,1,0,0,0,True,31.479213798934566,74.26487633895766,400,1022
2025-10-10,3,2025-10-10 08:45:00,,,1280,0,5,0,0,False,31.479213798934566,74.26487633895766,400,1022
2025-10-10,4,2025-10-10 10:20:00,0.538,0.41200000000000003,1,1,0,0,0,True,31.479213798934566,74.26487633895766,400,1022
2025-10-11,1,2025-10-11 03:35:00,,,0,0,0,0,0,False,31.479213798934566,74.26487633895766,400,1022
2025-10-11,2,2025-10-11 05:10:00,0.261,0.197,1,1,0,0,0,True,31.479213798934566,74.26487633895766,400,1022
2025-10-11,3,2025-10-11 07:45:00,,,0,0,0,0,0,False,31.479213798934566,74.26487633895766,400,1022
2025-10-11,4,2025-10-11 09:20:00,0.403,0.308,1,1,0,0,0,True,31.479213798934566,74.26487633895766,400,1022
2025-10-12,1,2025-10-12 04:10:00,0.496,0.38,1,1,0,0,0,True,31.479213798934566,74.26487633895766,400,1022
2025-10-12,2,2025-10-12 08:25:00,,,0,0,0,0,0,False,31.479213798934566,74.26487633895766,400,1022
2025-10-12,3,2025-10-12 10:00:00,0.34700000000000003,0.264,1,1,0,0,0,True,31.479213798934566,74.26487633895766,400,1022
2025-10-13,1,2025-10-13 03:15:00,,,0,0,0,0,0,False,31.479213798934566,74.26487633895766,400,1022
2025-10-13,2,2025-10-13 04:50:00,0.268,0.203,1,1,0,0,0,True,31.479213798934566,74.26487633895766,400,1022
2025-10-13,3,2025-10-13 09:00:00,0.367,0.279,8193,1,0,0,1,True,31.479213798934566,74.26487633895766,400,1022
2025-10-13,4,2025-10-13 10:35:00,,,0,0,0,0,0,False,31.479213798934566,74.26487633895766,400,1022
2025-10-14,1,2025-10-14 03:50:00,0.628,0.485,1,1,0,0,0,True,31.479213798934566,74.26487633895766,400,1022
2025-10-14,2,2025-10-14 05:30:00,,,0,0,0,0,0,False,31.479213798934566,74.26487633895766,400,1022
2025-10-14,3,2025-10-14 08:00:00,,,0,0,0,0,0,False,31.479213798934566,74.26487633895766,400,1022
2025-10-14,4,2025-10-14 09:40:00,0.508,0.389,1,1,0,0,0,True,31.479213798934566,74.26487633895766,400,1022
2025-10-15,1,2025-10-15 02:50:00,,,0,0,0,0,0,False,31.479213798934566,74.26487633895766,400,1022
2025-10-15,2,2025-10-15 04:30:00,0.804,0.629,1,1,0,0,0,True,31.479213798934566,74.26487633895766,400,1022
2025-10-15,3,2025-10-15 08:40:00,,,1280,0,5,0,0,False,31.479213798934566,74.26487633895766,400,1022
2025-10-15,4,2025-10-15 10:20:00,0.62,0.47900000000000004,1,1,0,0,0,True,31.479213798934566,74.26487633895766,400,1022
2025-10-16,1,2025-10-16 05:10:00,0.381,0.29,1,1,0,0,0,True,31.479213798934566,74.26487633895766,400,1022
2025-10-16,2,2025-10-16 07:40:00,,,0,0,0,0,0,False,31.479213798934566,74.26487633895766,400,1022
2025-10-16,3,2025-10-16 09:20:00,0.543,0.41600000000000004,8193,1,0,0,1,True,31.479213798934566,74.26487633895766,400,1022
2025-10-17,1,2025-10-17 04:10:00,0.626,0.483,1,1,0,0,0,True,31.479213798934566,74.26487633895766,400,1022
2025-10-17,2,2025-10-17 08:20:00,,,0,0,0,0,0,False,31.479213798934566,74.26487633895766,400,1022
2025-10-17,3,2025-10-17 09:55:00,0.588,0.454,1,1,0,0,0,True,31.479213798934566,74.26487633895766,400,1022
2025-10-18,1,2025-10-18 03:15:00,,,0,0,0,0,0,False,31.479213798934566,74.26487633895766,400,1022
2025-10-18,2,2025-10-18 04:50:00,0.387,0.294,1,1,0,0,0,True,31.479213798934566,74.26487633895766,400,1022
2025-10-18,3,2025-10-18 09:00:00,0.466,0.357,8193,1,0,0,1,True,31.479213798934566,74.26487633895766,400,1022
2025-10-18,4,2025-10-18 10:35:00,,,1280,0,5,0,0,False,31.479213798934566,74.26487633895766,400,1022
2025-10-19,1,2025-10-19 03:55:00,0.512,0.392,1,1,0,0,0,True,31.479213798934566,74.26487633895766,400,1022
2025-10-19,2,2025-10-19 05:30:00,,,0,0,0,0,0,False,31.479213798934566,74.26487633895766,400,1022
2025-10-19,3,2025-10-19 08:00:00,,,0,0,0,0,0,False,31.479213798934566,74.26487633895766,400,1022
2025-10-19,4,2025-10-19 09:35:00,0.663,0.512,8193,1,0,0,1,True,31.479213798934566,74.26487633895766,400,1022
2025-10-20,1,2025-10-20 02:50:00,,,0,0,0,0,0,False,31.479213798934566,74.26487633895766,400,1022
2025-10-20,2,2025-10-20 04:30:00,0.505,0.387,1,1,0,0,0,True,31.479213798934566,74.26487633895766,400,1022
2025-10-20,3,2025-10-20 08:35:00,,,0,0,0,0,0,False,31.479213798934566,74.26487633895766,400,1022
2025-10-20,4,2025-10-20 10:15:00,0.5730000000000001,0.442,1,1,0,0,0,True,31.479213798934566,74.26487633895766,400,1022
2025-10-21,1,2025-10-21 03:35:00,,,1280,0,5,0,0,False,31.479213798934566,74.26487633895766,400,1022
2025-10-21,2,2025-10-21 05:10:00,,,1283,3,5,0,0,False,31.479213798934566,74.26487633895766,400,1022
2025-10-21,3,2025-10-21 07:35:00,,,0,0,0,0,0,False,31.479213798934566,74.26487633895766,400,1022
2025-10-21,4,2025-10-21 09:15:00,,,1282,2,5,0,0,False,31.479213798934566,74.26487633895766,400,1022
2025-10-22,1,2025-10-22 04:10:00,0.5660000000000001,0.437,1,1,0,0,0,True,31.479213798934566,74.26487633895766,400,1022
2025-10-22,2,2025-10-22 08:15:00,,,0,0,0,0,0,False,31.479213798934566,74.26487633895766,400,1022
2025-10-22,3,2025-10-22 09:55:00,0.615,0.47500000000000003,1,1,0,0,0,True,31.479213798934566,74.26487633895766,400,1022
2025-10-23,1,2025-10-23 03:15:00,,,0,0,0,0,0,False,31.479213798934566,74.26487633895766,400,1022
2025-10-23,2,2025-10-23 04:50:00,0.622,0.481,1,1,0,0,0,True,31.479213798934566,74.26487633895766,400,1022
2025-10-23,3,2025-10-23 08:55:00,0.741,0.5720000000000001,9249,1,4,0,1,False,31.479213798934566,74.26487633895766,400,1022
2025-10-23,4,2025-10-23 10:30:00,,,1280,0,5,0,0,False,31.479213798934566,74.26487633895766,400,1022
2025-10-24,1,2025-10-24 03:55:00,0.8170000000000001,0.639,1,1,0,0,0,True,31.479213798934566,74.26487633895766,400,1022
2025-10-24,2,2025-10-24 05:30:00,,,0,0,0,0,0,False,31.479213798934566,74.26487633895766,400,1022
2025-10-24,3,2025-10-24 07:55:00,,,0,0,0,0,0,False,31.479213798934566,74.26487633895766,400,1022
2025-10-24,4,2025-10-24 09:30:00,1.201,0.9530000000000001,8193,1,0,0,1,True,31.479213798934566,74.26487633895766,400,1022
2025-10-25,1,2025-10-25 02:50:00,,,0,0,0,0,0,False,31.479213798934566,74.26487633895766,400,1022
2025-10-25,2,2025-10-25 04:30:00,0.786,0.615,1,1,0,0,0,True,31.479213798934566,74.26487633895766,400,1022
2025-10-25,3,2025-10-25 08:35:00,,,0,0,0,0,0,False,31.479213798934566,74.26487633895766,400,1022
2025-10-25,4,2025-10-25 10:10:00,0.8270000000000001,0.646,8193,1,0,0,1,True,31.479213798934566,74.26487633895766,400,1022
2025-10-26,1,2025-10-26 03:35:00,,,1280,0,5,0,0,False,31.479213798934566,74.26487633895766,400,1022
2025-10-26,2,2025-10-26 05:10:00,0.6960000000000001,0.538,1,1,0,0,0,True,31.479213798934566,74.26487633895766,400,1022
2025-10-26,3,2025-10-26 07:35:00,,,0,0,0,0,0,False,31.479213798934566,74.26487633895766,400,1022
2025-10-26,4,2025-10-26 09:10:00,1.264,1.0030000000000001,8193,1,0,0,1,True,31.479213798934566,74.26487633895766,400,1022
2025-10-27,1,2025-10-27 04:10:00,1.372,1.089,1,1,0,0,0,True,31.479213798934566,74.26487633895766,400,1022
2025-10-27,2,2025-10-27 08:10:00,,,0,0,0,0,0,False,31.479213798934566,74.26487633895766,400,1022
2025-10-27,3,2025-10-27 09:50:00,1.174,0.932,8193,1,0,0,1,True,31.479213798934566,74.26487633895766,400,1022
2025-10-28,1,2025-10-28 03:15:00,,,0,0,0,0,0,False,31.479213798934566,74.26487633895766,400,1022
2025-10-28,2,2025-10-28 04:50:00,0.979,0.765,8193,1,0,0,1,True,31.479213798934566,74.26487633895766,400,1022
2025-10-28,3,2025-10-28 08:50:00,,,1280,0,5,0,0,False,31.479213798934566,74.26487633895766,400,1022
2025-10-28,4,2025-10-28 10:25:00,,,1283,3,5,0,0,False,31.479213798934566,74.26487633895766,400,1022
2025-10-29,1,2025-10-29 03:55:00,2.383,1.934,8193,1,0,0,1,True,31.479213798934566,74.26487633895766,400,1022
2025-10-29,2,2025-10-29 05:30:00,,,0,0,0,0,0,False,31.479213798934566,74.26487633895766,400,1022
2025-10-29,3,2025-10-29 07:50:00,,,0,0,0,0,0,False,31.479213798934566,74.26487633895766,400,1022
2025-10-29,4,2025-10-29 09:30:00,1.618,1.317,8193,1,0,0,1,True,31.479213798934566,74.26487633895766,400,1022
2025-10-30,1,2025-10-30 02:50:00,,,0,0,0,0,0,False,31.479213798934566,74.26487633895766,400,1022
2025-10-30,2,2025-10-30 04:30:00,1.732,1.409,1,1,0,0,0,True,31.479213798934566,74.26487633895766,400,1022
2025-10-30,3,2025-10-30 08:30:00,,,0,0,0,0,0,False,31.479213798934566,74.26487633895766,400,1022
2025-10-30,4,2025-10-30 10:05:00,1.8920000000000001,1.539,8193,1,0,0,1,True,31.479213798934566,74.26487633895766,400,1022
2025-10-31,1,2025-10-31 03:35:00,,,1280,0,5,0,0,False,31.479213798934566,74.26487633895766,400,1022
2025-10-31,2,2025-10-31 05:10:00,0.643,0.496,1,1,0,0,0,True,31.479213798934566,74.26487633895766,400,1022
2025-10-31,3,2025-10-31 07:30:00,,,0,0,0,0,0,False,31.479213798934566,74.26487633895766,400,1022
2025-10-31,4,2025-10-31 09:10:00,0.718,0.555,8193,1,0,0,1,True,31.479213798934566,74.26487633895766,400,1022
2025-10-31,5,2025-10-31 10:45:00,,,0,0,0,0,0,False,31.479213798934566,74.26487633895766,400,1022
2025-11-01,1,2025-11-01 04:10:00,1.274,1.0110000000000001,8193,1,0,0,1,True,31.479213798934566,74.26487633895766,400,1022
2025-11-01,2,2025-11-01 08:10:00,,,0,0,0,0,0,False,31.479213798934566,74.26487633895766,400,1022
2025-11-01,3,2025-11-01 09:45:00,1.374,1.09,8193,1,0,0,1,True,31.479213798934566,74.26487633895766,400,1022
2025-11-02,1,2025-11-02 03:15:00,,,0,0,0,0,0,False,31.479213798934566,74.26487633895766,400,1022
2025-11-02,2,2025-11-02 04:50:00,0.808,0.631,8193,1,0,0,1,True,31.479213798934566,74.26487633895766,400,1022
2025-11-02,3,2025-11-02 08:45:00,,,1280,0,5,0,0,False,31.479213798934566,74.26487633895766,400,1022
2025-11-02,4,2025-11-02 10:25:00,,,1283,3,5,0,0,False,31.479213798934566,74.26487633895766,400,1022
2025-11-03,1,2025-11-03 03:55:00,1.231,0.977,8193,1,0,0,1,True,31.479213798934566,74.26487633895766,400,1022
2025-11-03,2,2025-11-03 05:30:00,,,0,0,0,0,0,False,31.479213798934566,74.26487633895766,400,1022
2025-11-03,3,2025-11-03 07:45:00,,,0,0,0,0,0,False,31.479213798934566,74.26487633895766,400,1022
2025-11-03,4,2025-11-03 09:25:00,0.961,0.751,8193,1,0,0,1,True,31.479213798934566,74.26487633895766,400,1022
2025-11-04,1,2025-11-04 02:50:00,,,0,0,0,0,0,False,31.479213798934566,74.26487633895766,400,1022
2025-11-04,2,2025-11-04 04:30:00,1.353,1.074,8193,1,0,0,1,True,31.479213798934566,74.26487633895766,400,1022
2025-11-04,3,2025-11-04 08:25:00,,,0,0,0,0,0,False,31.479213798934566,74.26487633895766,400,1022
2025-11-04,4,2025-11-04 10:05:00,0.8190000000000001,0.64,9057,1,3,0,1,False,31.479213798934566,74.26487633895766,400,1022
2025-11-05,1,2025-11-05 03:35:00,,,1280,0,5,0,0,False,31.479213798934566,74.26487633895766,400,1022
2025-11-05,2,2025-11-05 05:10:00,0.534,0.40900000000000003,1,1,0,0,0,True,31.479213798934566,74.26487633895766,400,1022
2025-11-05,3,2025-11-05 09:05:00,0.29,0.219,1,1,0,0,0,True,31.479213798934566,74.26487633895766,400,1022
2025-11-05,4,2025-11-05 10:40:00,,,0,0,0,0,0,False,31.479213798934566,74.26487633895766,400,1022
2025-11-06,1,2025-11-06 04:10:00,0.336,0.255,1,1,0,0,0,True,31.479213798934566,74.26487633895766,400,1022
2025-11-06,2,2025-11-06 08:05:00,,,0,0,0,0,0,False,31.479213798934566,74.26487633895766,400,1022
2025-11-06,3,2025-11-06 09:40:00,0.371,0.28200000000000003,1,1,0,0,0,True,31.479213798934566,74.26487633895766,400,1022
2025-11-07,1,2025-11-07 03:15:00,,,0,0,0,0,0,False,31.479213798934566,74.26487633895766,400,1022
2025-11-07,2,2025-11-07 04:50:00,0.214,0.162,1,1,0,0,0,True,31.479213798934566,74.26487633895766,400,1022
2025-11-07,3,2025-11-07 08:45:00,,,1280,0,5,0,0,False,31.479213798934566,74.26487633895766,400,1022
2025-11-07,4,2025-11-07 10:20:00,0.317,0.241,1,1,0,0,0,True,31.479213798934566,74.26487633895766,400,1022
2025-11-08,1,2025-11-08 03:55:00,0.683,0.527,1,1,0,0,0,True,31.479213798934566,74.26487633895766,400,1022
2025-11-08,2,2025-11-08 05:30:00,,,0,0,0,0,0,False,31.479213798934566,74.26487633895766,400,1022
2025-11-08,3,2025-11-08 07:45:00,,,0,0,0,0,0,False,31.479213798934566,74.26487633895766,400,1022
2025-11-08,4,2025-11-08 09:20:00,0.683,0.527,8193,1,0,0,1,True,31.479213798934566,74.26487633895766,400,1022
2025-11-09,1,2025-11-09 02:50:00,,,0,0,0,0,0,False,31.479213798934566,74.26487633895766,400,1022
2025-11-09,2,2025-11-09 04:30:00,0.538,0.41200000000000003,1,1,0,0,0,True,31.479213798934566,74.26487633895766,400,1022
2025-11-09,3,2025-11-09 08:20:00,,,0,0,0,0,0,False,31.479213798934566,74.26487633895766,400,1022
2025-11-09,4,2025-11-09 10:00:00,0.766,0.599,8193,1,0,0,1,True,31.479213798934566,74.26487633895766,400,1022
2025-11-10,1,2025-11-10 03:35:00,,,1280,0,5,0,0,False,31.479213798934566,74.26487633895766,400,1022
2025-11-10,2,2025-11-10 05:10:00,0.557,0.43,1,1,0,0,0,True,31.479213798934566,74.26487633895766,400,1022
2025-11-10,3,2025-11-10 09:00:00,0.5730000000000001,0.443,1089,1,4,0,0,False,31.479213798934566,74.26487633895766,400,1022
2025-11-10,4,2025-11-10 10:35:00,,,1280,0,5,0,0,False,31.479213798934566,74.26487633895766,400,1022
2025-11-11,1,2025-11-11 04:10:00,1.083,0.859,1,1,0,0,0,True,31.479213798934566,74.26487633895766,400,1022
2025-11-11,2,2025-11-11 08:00:00,,,0,0,0,0,0,False,31.479213798934566,74.26487633895766,400,1022
2025-11-11,3,2025-11-11 09:40:00,0.883,0.6900000000000001,8193,1,0,0,1,True,31.479213798934566,74.26487633895766,400,1022
2025-11-12,1,2025-11-12 03:15:00,,,0,0,0,0,0,False,31.479213798934566,74.26487633895766,400,1022
2025-11-12,2,2025-11-12 04:50:00,0.624,0.482,8193,1,0,0,1,True,31.479213798934566,74.26487633895766,400,1022
2025-11-12,3,2025-11-12 08:40:00,,,0,0,0,0,0,False,31.479213798934566,74.26487633895766,400,1022
2025-11-12,4,2025-11-12 10:15:00,0.529,0.405,1,1,0,0,0,True,31.479213798934566,74.26487633895766,400,1022
2025-11-13,1,2025-11-13 03:50:00,0.682,0.527,1,1,0,0,0,True,31.479213798934566,74.26487633895766,400,1022
2025-11-13,2,2025-11-13 05:30:00,,,0,0,0,0,0,False,31.479213798934566,74.26487633895766,400,1022
2025-11-13,3,2025-11-13 07:40:00,,,0,0,0,0,0,False,31.479213798934566,74.26487633895766,400,1022
2025-11-13,4,2025-11-13 09:15:00,0.54,0.41300000000000003,1,1,0,0,0,True,31.479213798934566,74.26487633895766,400,1022
2025-11-14,1,2025-11-14 02:50:00,,,0,0,0,0,0,False,31.479213798934566,74.26487633895766,400,1022
2025-11-14,2,2025-11-14 04:30:00,0.965,0.755,8193,1,0,0,1,True,31.479213798934566,74.26487633895766,400,1022
2025-11-14,3,2025-11-14 08:20:00,,,0,0,0,0,0,False,31.479213798934566,74.26487633895766,400,1022
2025-11-14,4,2025-11-14 09:55:00,1.306,1.036,8193,1,0,0,1,True,31.479213798934566,74.26487633895766,400,1022
2025-11-15,1,2025-11-15 03:35:00,,,1280,0,5,0,0,False,31.479213798934566,74.26487633895766,400,1022
2025-11-15,2,2025-11-15 05:10:00,0.47300000000000003,0.362,1,1,0,0,0,True,31.479213798934566,74.26487633895766,400,1022
2025-11-15,3,2025-11-15 08:55:00,0.616,0.47600000000000003,8193,1,0,0,1,True,31.479213798934566,74.26487633895766,400,1022
2025-11-15,4,2025-11-15 10:30:00,,,1280,0,5,0,0,False,31.479213798934566,74.26487633895766,400,1022
2025-11-16,1,2025-11-16 04:10:00,0.719,0.556,1,1,0,0,0,True,31.479213798934566,74.26487633895766,400,1022
2025-11-16,2,2025-11-16 09:35:00,0.5730000000000001,0.442,8193,1,0,0,1,True,31.479213798934566,74.26487633895766,400,1022
2025-11-17,1,2025-11-17 03:15:00,,,0,0,0,0,0,False,31.479213798934566,74.26487633895766,400,1022
2025-11-17,2,2025-11-17 04:50:00,0.609,0.47000000000000003,8193,1,0,0,1,True,31.479213798934566,74.26487633895766,400,1022
2025-11-17,3,2025-11-17 08:35:00,,,0,0,0,0,0,False,31.479213798934566,74.26487633895766,400,1022
2025-11-17,4,2025-11-17 10:10:00,,,1283,3,5,0,0,False,31.479213798934566,74.26487633895766,400,1022
2025-11-18,1,2025-11-18 03:50:00,1.2670000000000001,1.006,8193,1,0,0,1,True,31.479213798934566,74.26487633895766,400,1022
2025-11-18,2,2025-11-18 05:30:00,,,0,0,0,0,0,False,31.479213798934566,74.26487633895766,400,1022
2025-11-18,3,2025-11-18 07:35:00,,,0,0,0,0,0,False,31.479213798934566,74.26487633895766,400,1022
2025-11-18,4,2025-11-18 09:15:00,0.484,0.371,865,1,3,0,0,False,31.479213798934566,74.26487633895766,400,1022
2025-11-18,5,2025-11-18 10:50:00,,,0,0,0,0,0,False,31.479213798934566,74.26487633895766,400,1022
2025-11-19,1,2025-11-19 02:50:00,,,0,0,0,0,0,False,31.479213798934566,74.26487633895766,400,1022
2025-11-19,2,2025-11-19 04:30:00,0.874,0.683,8193,1,0,0,1,True,31.479213798934566,74.26487633895766,400,1022
2025-11-19,3,2025-11-19 08:15:00,,,0,0,0,0,0,False,31.479213798934566,74.26487633895766,400,1022
2025-11-19,4,2025-11-19 09:50:00,1.5350000000000001,1.249,8193,1,0,0,1,True,31.479213798934566,74.26487633895766,400,1022
2025-11-20,1,2025-11-20 03:30:00,,,1280,0,5,0,0,False,31.479213798934566,74.26487633895766,400,1022
2025-11-20,2,2025-11-20 05:10:00,0.685,0.529,8193,1,0,0,1,True,31.479213798934566,74.26487633895766,400,1022
2025-11-20,3,2025-11-20 08:50:00,,,1280,0,5,0,0,False,31.479213798934566,74.26487633895766,400,1022
2025-11-20,4,2025-11-20 10:30:00,,,1283,3,5,0,0,False,31.479213798934566,74.26487633895766,400,1022
2025-11-21,1,2025-11-21 04:10:00,1.4000000000000001,1.139,8193,1,0,0,1,True,31.479213798934566,74.26487633895766,400,1022
2025-11-21,2,2025-11-21 07:50:00,,,0,0,0,0,0,False,31.479213798934566,74.26487633895766,400,1022
2025-11-21,3,2025-11-21 09:30:00,1.28,1.0150000000000001,8193,1,0,0,1,True,31.479213798934566,74.26487633895766,400,1022
2025-11-22,1,2025-11-22 03:10:00,,,0,0,0,0,0,False,31.479213798934566,74.26487633895766,400,1022
2025-11-22,2,2025-11-22 04:50:00,0.8280000000000001,0.647,8193,1,0,0,1,True,31.479213798934566,74.26487633895766,400,1022
2025-11-22,3,2025-11-22 08:30:00,,,0,0,0,0,0,False,31.479213798934566,74.26487633895766,400,1022
2025-11-22,4,2025-11-22 10:10:00,0.838,0.655,8193,1,0,0,1,True,31.479213798934566,74.26487633895766,400,1022
2025-11-23,1,2025-11-23 03:50:00,0.754,0.589,1,1,0,0,0,True,31.479213798934566,74.26487633895766,400,1022
2025-11-23,2,2025-11-23 05:30:00,,,0,0,0,0,0,False,31.479213798934566,74.26487633895766,400,1022
2025-11-23,3,2025-11-23 07:30:00,,,0,0,0,0,0,False,31.479213798934566,74.26487633895766,400,1022
2025-11-23,4,2025-11-23 09:10:00,0.5750000000000001,0.444,8193,1,0,0,1,True,31.479213798934566,74.26487633895766,400,1022
2025-11-23,5,2025-11-23 10:45:00,,,0,0,0,0,0,False,31.479213798934566,74.26487633895766,400,1022
2025-11-24,1,2025-11-24 02:50:00,,,0,0,0,0,0,False,31.479213798934566,74.26487633895766,400,1022
2025-11-24,2,2025-11-24 04:30:00,0.796,0.622,8193,1,0,0,1,True,31.479213798934566,74.26487633895766,400,1022
2025-11-24,3,2025-11-24 08:10:00,,,0,0,0,0,0,False,31.479213798934566,74.26487633895766,400,1022
2025-11-24,4,2025-11-24 09:45:00,0.794,0.62,8193,1,0,0,1,True,31.479213798934566,74.26487633895766,400,1022
2025-11-26,1,2025-11-26 04:10:00,0.686,0.53,1,1,0,0,0,True,31.479213798934566,74.26487633895766,400,1022
2025-11-26,2,2025-11-26 07:50:00,,,0,0,0,0,0,False,31.479213798934566,74.26487633895766,400,1022
2025-11-26,3,2025-11-26 09:25:00,0.58,0.448,8193,1,0,0,1,True,31.479213798934566,74.26487633895766,400,1022
2025-11-27,1,2025-11-27 03:10:00,,,0,0,0,0,0,False,31.479213798934566,74.26487633895766,400,1022
2025-11-27,2,2025-11-27 04:50:00,0.5730000000000001,0.443,8193,1,0,0,1,True,31.479213798934566,74.26487633895766,400,1022
2025-11-27,3,2025-11-27 08:25:00,,,0,0,0,0,0,False,31.479213798934566,74.26487633895766,400,1022
2025-11-27,4,2025-11-27 10:05:00,0.9420000000000001,0.736,8193,1,0,0,1,True,31.479213798934566,74.26487633895766,400,1022
2025-11-28,1,2025-11-28 03:50:00,0.704,0.544,1,1,0,0,0,True,31.479213798934566,74.26487633895766,400,1022
2025-11-28,2,2025-11-28 05:30:00,,,0,0,0,0,0,False,31.479213798934566,74.26487633895766,400,1022
2025-11-28,3,2025-11-28 09:05:00,0.505,0.386,8193,1,0,0,1,True,31.479213798934566,74.26487633895766,400,1022
2025-11-28,4,2025-11-28 10:40:00,,,0,0,0,0,0,False,31.479213798934566,74.26487633895766,400,1022
2025-11-29,1,2025-11-29 02:50:00,,,0,0,0,0,0,False,31.479213798934566,74.26487633895766,400,1022
2025-11-29,2,2025-11-29 04:30:00,0.484,0.371,8193,1,0,0,1,True,31.479213798934566,74.26487633895766,400,1022
2025-11-29,3,2025-11-29 08:05:00,,,0,0,0,0,0,False,31.479213798934566,74.26487633895766,400,1022
2025-11-29,4,2025-11-29 09:40:00,0.427,0.327,8193,1,0,0,1,True,31.479213798934566,74.26487633895766,400,1022
2025-11-30,1,2025-11-30 03:30:00,,,1280,0,5,0,0,False,31.479213798934566,74.26487633895766,400,1022
2025-11-30,2,2025-11-30 05:10:00,,,1283,3,5,0,0,False,31.479213798934566,74.26487633895766,400,1022
2025-11-30,3,2025-11-30 08:45:00,,,1280,0,5,0,0,False,31.479213798934566,74.26487633895766,400,1022
2025-11-30,4,2025-11-30 10:20:00,0.354,0.269,1,1,0,0,0,True,31.479213798934566,74.26487633895766,400,1022
2025-12-01,1,2025-12-01 04:10:00,,,1315,3,5,0,0,False,31.479213798934566,74.26487633895766,400,1022
2025-12-01,2,2025-12-01 07:45:00,,,0,0,0,0,0,False,31.479213798934566,74.26487633895766,400,1022
2025-12-01,3,2025-12-01 09:20:00,0.426,0.326,1057,1,4,0,0,False,31.479213798934566,74.26487633895766,400,1022
2025-12-02,1,2025-12-02 03:10:00,,,0,0,0,0,0,False,31.479213798934566,74.26487633895766,400,1022
2025-12-02,2,2025-12-02 04:50:00,0.792,0.619,8193,1,0,0,1,True,31.479213798934566,74.26487633895766,400,1022
2025-12-02,3,2025-12-02 08:20:00,,,0,0,0,0,0,False,31.479213798934566,74.26487633895766,400,1022
2025-12-02,4,2025-12-02 10:00:00,1.298,1.03,8193,1,0,0,1,True,31.479213798934566,74.26487633895766,400,1022
2025-12-03,1,2025-12-03 03:50:00,,,1282,2,5,0,0,False,31.479213798934566,74.26487633895766,400,1022
2025-12-03,2,2025-12-03 05:30:00,,,0,0,0,0,0,False,31.479213798934566,74.26487633895766,400,1022
2025-12-03,3,2025-12-03 09:00:00,0.493,0.377,1,1,0,0,0,True,31.479213798934566,74.26487633895766,400,1022
2025-12-03,4,2025-12-03 10:35:00,,,1280,0,5,0,0,False,31.479213798934566,74.26487633895766,400,1022
2025-12-04,1,2025-12-04 02:50:00,,,0,0,0,0,0,False,31.479213798934566,74.26487633895766,400,1022
2025-12-04,2,2025-12-04 04:30:00,0.558,0.431,1,1,0,0,0,True,31.479213798934566,74.26487633895766,400,1022
2025-12-04,3,2025-12-04 08:00:00,,,0,0,0,0,0,False,31.479213798934566,74.26487633895766,400,1022
2025-12-04,4,2025-12-04 09:40:00,0.516,0.395,8193,1,0,0,1,True,31.479213798934566,74.26487633895766,400,1022
2025-12-05,1,2025-12-05 03:30:00,,,1280,0,5,0,0,False,31.479213798934566,74.26487633895766,400,1022
2025-12-05,2,2025-12-05 08:40:00,,,0,0,0,0,0,False,31.479213798934566,74.26487633895766,400,1022
2025-12-05,3,2025-12-05 10:15:00,0.606,0.468,1,1,0,0,0,True,31.479213798934566,74.26487633895766,400,1022
2025-12-06,1,2025-12-06 04:10:00,,,1282,2,5,0,0,False,31.479213798934566,74.26487633895766,400,1022
2025-12-06,2,2025-12-06 07:40:00,,,0,0,0,0,0,False,31.479213798934566,74.26487633895766,400,1022
2025-12-06,3,2025-12-06 09:15:00,,,1283,3,5,0,0,False,31.479213798934566,74.26487633895766,400,1022
2025-12-07,1,2025-12-07 03:10:00,,,0,0,0,0,0,False,31.479213798934566,74.26487633895766,400,1022
2025-12-07,2,2025-12-07 04:50:00,0.536,0.41000000000000003,8193,1,0,0,1,True,31.479213798934566,74.26487633895766,400,1022
2025-12-07,3,2025-12-07 08:15:00,,,0,0,0,0,0,False,31.479213798934566,74.26487633895766,400,1022
2025-12-07,4,2025-12-07 09:55:00,,,1283,3,5,0,0,False,31.479213798934566,74.26487633895766,400,1022
2025-12-08,1,2025-12-08 03:50:00,0.553,0.427,1,1,0,0,0,True,31.479213798934566,74.26487633895766,400,1022
2025-12-08,2,2025-12-08 05:30:00,,,0,0,0,0,0,False,31.479213798934566,74.26487633895766,400,1022
2025-12-08,3,2025-12-08 08:55:00,,,1280,0,5,0,0,False,31.479213798934566,74.26487633895766,400,1022
2025-12-08,4,2025-12-08 10:30:00,,,1283,3,5,0,0,False,31.479213798934566,74.26487633895766,400,1022
2025-12-09,1,2025-12-09 02:50:00,,,0,0,0,0,0,False,31.479213798934566,74.26487633895766,400,1022
2025-12-09,2,2025-12-09 07:55:00,,,0,0,0,0,0,False,31.479213798934566,74.26487633895766,400,1022
2025-12-09,3,2025-12-09 09:35:00,,,1285,5,5,0,0,False,31.479213798934566,74.26487633895766,400,1022
2025-12-10,1,2025-12-10 03:30:00,,,1280,0,5,0,0,False,31.479213798934566,74.26487633895766,400,1022
2025-12-10,2,2025-12-10 05:10:00,0.306,0.233,1,1,0,0,0,True,31.479213798934566,74.26487633895766,400,1022
2025-12-10,3,2025-12-10 08:35:00,,,0,0,0,0,0,False,31.479213798934566,74.26487633895766,400,1022
2025-12-10,4,2025-12-10 10:10:00,,,1283,3,5,0,0,False,31.479213798934566,74.26487633895766,400,1022
2025-12-11,1,2025-12-11 04:10:00,0.869,0.68,1,1,0,0,0,True,31.479213798934566,74.26487633895766,400,1022
2025-12-11,2,2025-12-11 07:35:00,,,0,0,0,0,0,False,31.479213798934566,74.26487633895766,400,1022
2025-12-11,3,2025-12-11 09:10:00,,,1283,3,5,0,0,False,31.479213798934566,74.26487633895766,400,1022
2025-12-11,4,2025-12-11 10:50:00,,,0,0,0,0,0,False,31.479213798934566,74.26487633895766,400,1022
2025-12-12,1,2025-12-12 03:10:00,,,0,0,0,0,0,False,31.479213798934566,74.26487633895766,400,1022
2025-12-12,2,2025-12-12 04:50:00,,,1283,3,5,0,0,False,31.479213798934566,74.26487633895766,400,1022
2025-12-12,3,2025-12-12 08:15:00,,,0,0,0,0,0,False,31.479213798934566,74.26487633895766,400,1022
2025-12-12,4,2025-12-12 09:50:00,,,1283,3,5,0,0,False,31.479213798934566,74.26487633895766,400,1022
2025-12-13,1,2025-12-13 03:50:00,,,1283,3,5,0,0,False,31.479213798934566,74.26487633895766,400,1022
2025-12-13,2,2025-12-13 05:30:00,,,0,0,0,0,0,False,31.479213798934566,74.26487633895766,400,1022
2025-12-13,3,2025-12-13 08:50:00,,,1280,0,5,0,0,False,31.479213798934566,74.26487633895766,400,1022
2025-12-13,4,2025-12-13 10:30:00,,,1283,3,5,0,0,False,31.479213798934566,74.26487633895766,400,1022
2025-12-14,1,2025-12-14 02:50:00,,,0,0,0,0,0,False,31.479213798934566,74.26487633895766,400,1022
2025-12-14,2,2025-12-14 04:30:00,,,1283,3,5,0,0,False,31.479213798934566,74.26487633895766,400,1022
2025-12-14,3,2025-12-14 07:50:00,,,0,0,0,0,0,False,31.479213798934566,74.26487633895766,400,1022
2025-12-14,4,2025-12-14 09:30:00,,,1283,3,5,0,0,False,31.479213798934566,74.26487633895766,400,1022
2025-12-15,1,2025-12-15 03:30:00,,,1280,0,5,0,0,False,31.479213798934566,74.26487633895766,400,1022
2025-12-15,2,2025-12-15 05:10:00,,,1283,3,5,0,0,False,31.479213798934566,74.26487633895766,400,1022
2025-12-15,3,2025-12-15 08:30:00,,,0,0,0,0,0,False,31.479213798934566,74.26487633895766,400,1022
2025-12-15,4,2025-12-15 10:05:00,0.8190000000000001,0.64,8193,1,0,0,1,True,31.479213798934566,74.26487633895766,400,1022
2025-12-16,1,2025-12-16 04:10:00,,,1283,3,5,0,0,False,31.479213798934566,74.26487633895766,400,1022
2025-12-16,2,2025-12-16 09:05:00,0.704,0.544,8193,1,0,0,1,True,31.479213798934566,74.26487633895766,400,1022
2025-12-16,3,2025-12-16 10:45:00,,,0,0,0,0,0,False,31.479213798934566,74.26487633895766,400,1022
2025-12-17,1,2025-12-17 03:10:00,,,0,0,0,0,0,False,31.479213798934566,74.26487633895766,400,1022
2025-12-17,2,2025-12-17 04:50:00,0.552,0.427,8193,1,0,0,1,True,31.479213798934566,74.26487633895766,400,1022
2025-12-17,3,2025-12-17 08:10:00,,,0,0,0,0,0,False,31.479213798934566,74.26487633895766,400,1022
2025-12-17,4,2025-12-17 09:45:00,,,1283,3,5,0,0,False,31.479213798934566,74.26487633895766,400,1022
2025-12-18,1,2025-12-18 03:50:00,,,1283,3,5,0,0,False,31.479213798934566,74.26487633895766,400,1022
2025-12-18,2,2025-12-18 05:30:00,,,0,0,0,0,0,False,31.479213798934566,74.26487633895766,400,1022
2025-12-18,3,2025-12-18 08:45:00,,,1280,0,5,0,0,False,31.479213798934566,74.26487633895766,400,1022
2025-12-18,4,2025-12-18 10:25:00,,,1283,3,5,0,0,False,31.479213798934566,74.26487633895766,400,1022
2025-12-19,1,2025-12-19 02:50:00,,,0,0,0,0,0,False,31.479213798934566,74.26487633895766,400,1022
2025-12-19,2,2025-12-19 04:30:00,,,1283,3,5,0,0,False,31.479213798934566,74.26487633895766,400,1022
2025-12-19,3,2025-12-19 07:45:00,,,0,0,0,0,0,False,31.479213798934566,74.26487633895766,400,1022
2025-12-19,4,2025-12-19 09:25:00,,,1283,3,5,0,0,False,31.479213798934566,74.26487633895766,400,1022
2025-12-20,1,2025-12-20 03:30:00,,,1280,0,5,0,0,False,31.479213798934566,74.26487633895766,400,1022
2025-12-20,2,2025-12-20 05:10:00,,,1283,3,5,0,0,False,31.479213798934566,74.26487633895766,400,1022
2025-12-20,3,2025-12-20 08:25:00,,,0,0,0,0,0,False,31.479213798934566,74.26487633895766,400,1022
2025-12-20,4,2025-12-20 10:00:00,,,1283,3,5,0,0,False,31.479213798934566,74.26487633895766,400,1022
2025-12-21,1,2025-12-21 04:10:00,,,1283,3,5,0,0,False,31.479213798934566,74.26487633895766,400,1022
2025-12-21,2,2025-12-21 09:05:00,,,1283,3,5,0,0,False,31.479213798934566,74.26487633895766,400,1022
2025-12-21,3,2025-12-21 10:40:00,,,1280,0,5,0,0,False,31.479213798934566,74.26487633895766,400,1022
2025-12-22,1,2025-12-22 03:10:00,,,0,0,0,0,0,False,31.479213798934566,74.26487633895766,400,1022
2025-12-22,2,2025-12-22 04:50:00,,,1283,3,5,0,0,False,31.479213798934566,74.26487633895766,400,1022
2025-12-22,3,2025-12-22 08:05:00,,,0,0,0,0,0,False,31.479213798934566,74.26487633895766,400,1022
2025-12-22,4,2025-12-22 09:40:00,,,1283,3,5,0,0,False,31.479213798934566,74.26487633895766,400,1022
2025-12-23,1,2025-12-23 03:50:00,,,1283,3,5,0,0,False,31.479213798934566,74.26487633895766,400,1022
2025-12-23,2,2025-12-23 05:30:00,,,0,0,0,0,0,False,31.479213798934566,74.26487633895766,400,1022
2025-12-23,3,2025-12-23 08:40:00,,,0,0,0,0,0,False,31.479213798934566,74.26487633895766,400,1022
2025-12-23,4,2025-12-23 10:20:00,0.368,0.28,1,1,0,0,0,True,31.479213798934566,74.26487633895766,400,1022
2025-12-24,1,2025-12-24 02:50:00,,,0,0,0,0,0,False,31.479213798934566,74.26487633895766,400,1022
2025-12-24,2,2025-12-24 04:30:00,0.313,0.23800000000000002,1,1,0,0,0,True,31.479213798934566,74.26487633895766,400,1022
2025-12-24,3,2025-12-24 07:40:00,,,0,0,0,0,0,False,31.479213798934566,74.26487633895766,400,1022
2025-12-24,4,2025-12-24 09:20:00,0.273,0.20600000000000002,1,1,0,0,0,True,31.479213798934566,74.26487633895766,400,1022
2025-12-25,1,2025-12-25 03:30:00,,,1280,0,5,0,0,False,31.479213798934566,74.26487633895766,400,1022
2025-12-25,2,2025-12-25 05:10:00,0.186,0.14,1,1,0,0,0,True,31.479213798934566,74.26487633895766,400,1022
2025-12-25,3,2025-12-25 08:20:00,,,0,0,0,0,0,False,31.479213798934566,74.26487633895766,400,1022
2025-12-25,4,2025-12-25 10:00:00,0.441,0.337,1089,1,4,0,0,False,31.479213798934566,74.26487633895766,400,1022
2025-12-26,1,2025-12-26 04:10:00,,,1285,5,5,0,0,False,31.479213798934566,74.26487633895766,400,1022
2025-12-26,2,2025-12-26 09:00:00,0.41500000000000004,0.318,9057,1,3,0,1,False,31.479213798934566,74.26487633895766,400,1022
2025-12-26,3,2025-12-26 10:35:00,,,1280,0,5,0,0,False,31.479213798934566,74.26487633895766,400,1022
2025-12-27,1,2025-12-27 03:10:00,,,0,0,0,0,0,False,31.479213798934566,74.26487633895766,400,1022
2025-12-27,2,2025-12-27 04:50:00,0.551,0.426,1057,1,4,0,0,False,31.479213798934566,74.26487633895766,400,1022
2025-12-27,3,2025-12-27 08:00:00,,,0,0,0,0,0,False,31.479213798934566,74.26487633895766,400,1022
2025-12-27,4,2025-12-27 09:35:00,,,1283,3,5,0,0,False,31.479213798934566,74.26487633895766,400,1022
2025-12-28,1,2025-12-28 03:50:00,,,1283,3,5,0,0,False,31.479213798934566,74.26487633895766,400,1022
2025-12-28,2,2025-12-28 05:30:00,,,0,0,0,0,0,False,31.479213798934566,74.26487633895766,400,1022
2025-12-28,3,2025-12-28 08:35:00,,,0,0,0,0,0,False,31.479213798934566,74.26487633895766,400,1022
2025-12-28,4,2025-12-28 10:15:00,,,1283,3,5,0,0,False,31.479213798934566,74.26487633895766,400,1022
2025-12-29,1,2025-12-29 02:50:00,,,0,0,0,0,0,False,31.479213798934566,74.26487633895766,400,1022
2025-12-29,2,2025-12-29 07:35:00,,,0,0,0,0,0,False,31.479213798934566,74.26487633895766,400,1022
2025-12-29,3,2025-12-29 09:15:00,,,1283,3,5,0,0,False,31.479213798934566,74.26487633895766,400,1022
2025-12-29,4,2025-12-29 10:50:00,,,0,0,0,0,0,False,31.479213798934566,74.26487633895766,400,1022
2025-12-30,1,2025-12-30 03:30:00,,,1280,0,5,0,0,False,31.479213798934566,74.26487633895766,400,1022
2025-12-30,2,2025-12-30 05:10:00,,,1283,3,5,0,0,False,31.479213798934566,74.26487633895766,400,1022
2025-12-30,3,2025-12-30 08:15:00,,,0,0,0,0,0,False,31.479213798934566,74.26487633895766,400,1022
2025-12-31,1,2025-12-31 08:55:00,,,1280,0,5,0,0,False,31.479213798934566,74.26487633895766,400,1022
2025-12-31,2,2025-12-31 10:30:00,,,1283,3,5,0,0,False,31.479213798934566,74.26487633895766,400,1022
