,aod_047,aod_055,T2M,PS,PBLTOP,U10M,V10M,QV2M,WIND_SPEED,TOTEXTTAU,month,hour,BCCMASS
aod_047,1.0,0.9997915689785103,-0.05312036977564912,0.045920685783936516,0.1655653657827915,-0.2680885708807302,0.01616311660611511,-0.010980302607368651,-0.21444233088054598,0.7510481740516508,0.020122496590816427,-0.09237162184288286,0.5592813319318914
aod_055,0.9997915689785103,1.0,-0.05144087220015524,0.04409686632509748,0.16411799177408773,-0.2669342262330478,0.015332991415684786,-0.009092836609291296,-0.21450339638645116,0.7508440384471553,0.018977081624706505,-0.0911094422546634,0.5570792301243823
T2M,-0.05312036977564912,-0.05144087220015524,1.0,-0.8475745493457391,-0.7272090598709017,0.20259882158509313,-0.1922134148689087,0.7700141642045811,0.2514637644371905,0.03578820714935705,-0.7528198389429324,0.4879781307426959,-0.35205712236983894
PS,0.045920685783936516,0.04409686632509748,-0.8475745493457391,1.0,0.4753626823086361,-0.19654125026412353,-0.02880134701863122,-0.861804388383092,-0.3479942457421876,0.06199105519426178,0.7992384050848554,-0.18266284331387267,0.4986629572963436
PBLTOP,0.1655653657827915,0.16411799177408773,-0.7272090598709017,0.4753626823086361,1.0,-0.15405088293372718,0.43900599827208986,-0.3026868029889925,-0.12530564258994056,0.020759752279603638,0.3489517710129047,-0.6906982871091698,0.19796070324294768
U10M,-0.2680885708807302,-0.2669342262330478,0.20259882158509313,-0.19654125026412353,-0.15405088293372718,1.0,-0.33957284929658343,0.08720020305232369,0.6271358005166667,-0.2138677621507581,-0.06536886362527987,0.162217221740078,-0.21780859406368677
V10M,0.01616311660611511,0.015332991415684786,-0.1922134148689087,-0.02880134701863122,0.43900599827208986,-0.33957284929658343,1.0,0.20206531788407506,-0.2163494312004239,-0.18878503667351296,-0.16655184047075586,-0.5929295281666725,-0.17302225739627092
QV2M,-0.010980302607368651,-0.009092836609291296,0.7700141642045811,-0.861804388383092,-0.3026868029889925,0.08720020305232369,0.20206531788407506,1.0,0.202707034489813,-0.044187845691343174,-0.8999185730353035,-0.07408904004045418,-0.5138464099494608
WIND_SPEED,-0.21444233088054598,-0.21450339638645116,0.2514637644371905,-0.3479942457421876,-0.12530564258994056,0.6271358005166667,-0.2163494312004239,0.202707034489813,1.0,-0.09849933613161298,-0.08511616877504853,0.1495416312963167,-0.19494907439155157
TOTEXTTAU,0.7510481740516508,0.7508440384471553,0.03578820714935705,0.06199105519426178,0.020759752279603638,-0.2138677621507581,-0.18878503667351296,-0.044187845691343174,-0.09849933613161298,1.0,0.056414062460428384,0.16740393770572223,0.8038308055930974
month,0.020122496590816427,0.018977081624706505,-0.7528198389429324,0.7992384050848554,0.3489517710129047,-0.06536886362527987,-0.16655184047075586,-0.8999185730353035,-0.08511616877504853,0.056414062460428384,1.0,0.06635649024861018,0.4950130288651762
hour,-0.09237162184288286,-0.0911094422546634,0.4879781307426959,-0.18266284331387267,-0.6906982871091698,0.162217221740078,-0.5929295281666725,-0.07408904004045418,0.1495416312963167,0.16740393770572223,0.06635649024861018,1.0,0.19060088263536185
BCCMASS,0.5592813319318914,0.5570792301243823,-0.35205712236983894,0.4986629572963436,0.19796070324294768,-0.21780859406368677,-0.17302225739627092,-0.5138464099494608,-0.19494907439155157,0.8038308055930974,0.4950130288651762,0.19060088263536185,1.0
